weekly_self_study_hours,attendance_percentage,total_score,class
18.5,95.6,97.9,A
14,80,83.9,A
19.5,86.3,100,A
25.7,70.2,100,A
13.4,81.9,92,A
13.4,65.1,97.5,A
26.1,81.8,100,A
20.4,100,96.1,A
11.7,100,69.8,A
18.8,67.6,80.3,A
11.8,82.3,66.4,A
11.7,75.9,72.5,A
16.7,77.9,95.2,A
1.6,92.1,60.9,A
2.9,90.7,52.1,A
11.1,87.4,73.5,A
7.9,85.9,63,A
17.2,74,100,A
8.6,100,75.4,A
5.1,91.4,57.9,A
25.3,89.3,100,A
13.4,93.5,79,A
15.5,100,76.3,A
5,74.2,58.7,A
11.2,96.1,68.3,A
15.8,81.1,97.2,A
6.9,73.6,68.4,A
17.6,83.9,100,A
10.8,86.2,63.6,A
13,75,89.2,A
10.8,76.6,77.4,A
28,89.2,100,A
14.9,68.4,82.6,A
7.6,93,71.9,A
20.8,85.2,97.4,A
6.5,86.4,61.6,A
16.5,86.8,99.5,A
1.3,92.9,50.1,A
5.7,93.4,56.7,A
16.4,76.5,84,A
20.2,85.6,100,A
16.2,84.2,100,A
14.2,76.5,63.6,A
12.9,78.7,100,A
4.7,100,55.9,A
10,83.4,89.6,A
11.8,89.5,78.7,A
22.4,85.9,90.3,A
17.4,79.9,71,A
2.7,77.5,51.1,A
17.3,93.8,82.7,A
12.3,84.6,91,A
10.3,90.3,92.7,A
19.3,77.7,100,A
22.2,80.2,100,A
21.5,84.1,100,A
9.1,81.4,76.9,A
12.8,83.7,91.9,A
17.3,99,89.5,A
21.8,94.7,100,A
11.6,80.9,71.2,A
13.7,89.6,81.9,A
7.3,68.3,67.1,A
6.6,85.3,69.9,A
20.7,85.8,96.5,A
24.5,82,100,A
14.5,73.7,80.4,A
22,85,92.2,A
17.5,83.1,83.6,A
10.5,91.8,78.8,A
17.5,82.9,93.2,A
25.8,82.6,100,A
14.7,70.6,84.5,A
26,88.5,100,A
0,86.4,47.4,A
20.8,81.6,97.5,A
15.6,90.1,90.8,A
12.9,80.4,87.7,A
15.6,100,91.7,A
1.1,81.4,54.6,A
13.5,69.7,81,A
17.5,64.4,79.5,A
25.3,85,100,A
11.4,83.4,62.3,A
9.3,69.7,64.9,A
11.5,84.1,93.3,A
21.4,100,100,A
17.3,64.7,98.4,A
11.3,80.9,69.2,A
18.6,80.6,93.9,A
15.7,74.6,100,A
21.8,92.7,100,A
10.1,78.4,79.7,A
12.7,95.9,86.6,A
12.3,70.9,72,A
4.8,79.9,73.6,A
17.1,76.7,67.3,A
16.8,95.7,73.1,A
15,80.7,100,A
13.4,91.1,63.9,A
5.1,62.6,72.9,A
12.1,94.3,73.4,A
12.6,73.3,68.1,A
9.4,72.5,86.1,A
13.9,91.9,83,A
17.8,74.7,77.7,A
28.2,97.9,100,A
16.2,100,93.6,A
16.8,81.5,100,A
14.5,82.3,100,A
1.6,97,43.5,A
14.8,75.1,93.8,A
15.4,96.3,78.9,A
32.2,84.4,100,A
13.7,93.3,84.2,A
17.1,77.8,100,A
14.8,97.8,100,A
6.8,70.7,73.2,A
23,99.6,100,A
20.3,96.1,95.4,A
20.5,79.3,92.1,A
8.6,88.4,76.7,A
24.8,80,100,A
5.2,87.7,74.1,A
19.1,79.9,74.2,A
30.3,75.7,100,A
8.1,88.9,74,A
11,87,72.6,A
15.7,84.9,74.8,A
11.5,83.8,54.7,A
4.1,92.4,50.6,A
15.5,80.1,86.8,A
7.6,77.9,92.6,A
18.3,97.3,97.3,A
8.6,80.4,70.6,A
25.8,77.7,100,A
9.5,79.3,81.9,A
12.7,78.3,78.7,A
20.7,100,100,A
6.4,84.1,54.8,A
16.6,70.8,95,A
24.1,86.1,100,A
3.7,71.7,58.2,A
16.3,100,87.9,A
16.8,100,86.2,A
20.5,94.3,86.1,A
6.3,89.3,58.9,A
5.8,69.8,62.3,A
18.7,92.8,100,A
17.1,82.5,83.5,A
16.8,74.8,90.2,A
17.4,70,94.4,A
10.2,88.5,85.4,A
16.6,81.2,100,A
17.1,76.4,100,A
10,90.3,92.4,A
28.1,100,100,A
18.3,97,79.6,A
6.7,89.3,54.8,A
19.6,78.5,93.2,A
8.2,93.6,72,A
20.5,96.7,95.8,A
23.1,93.9,100,A
9.3,97,75.8,A
21.7,74,97.4,A
17.9,78.1,100,A
20.8,77.4,100,A
28.3,87.7,100,A
13.3,83.4,72.2,A
9.7,80.5,72.9,A
8.8,95,63.2,A
9.3,88.5,66.2,A
14.5,79.3,75.6,A
17.4,93.7,100,A
16.9,84,75.5,A
20.8,82,89.5,A
15.1,63.3,89.2,A
25.2,88,100,A
13.1,79.1,92.9,A
34,100,100,A
19.4,94.8,100,A
9,97.2,84.7,A
7.5,85.6,80.1,A
18.4,100,100,A
13.4,100,75.9,A
20,84.5,100,A
18.3,89.6,96.5,A
14.5,81.9,97.2,A
9.1,85.6,58.2,A
4.4,86.9,52.2,A
11.9,92.4,70.1,A
21,79.3,100,A
16.5,100,89,A
6.3,75.7,44.1,A
16.2,81.8,80.5,A
17.7,89,92.5,A
8.8,93.2,65.4,A
16.1,82.7,93.9,A
15.4,68.2,99.8,A
7,78.7,53.2,A
17.5,96.8,85.9,A
18.9,82.4,100,A
22.6,80.2,100,A
22.4,77.5,99.4,A
5.4,78.4,63,A
8.4,87.1,70.2,A
18.6,98.2,90.5,A
18.6,93.9,83.7,A
18.6,89,98.1,A
40,68.1,100,A
19,88,95.5,A
22.9,79.5,100,A
21.7,98.3,100,A
19.6,82.6,90.2,A
12.8,89.1,87.9,A
20.3,81.4,100,A
9.6,82.6,83,A
13.3,80.9,97.4,A
11.6,71.3,70.6,A
15.6,85.3,83.7,A
31.2,95.1,100,A
1.9,78.8,46.4,A
19.8,83,100,A
3.7,100,63.1,A
11.7,90.1,87.4,A
22.6,73.5,100,A
15.4,97.2,65.7,A
7.5,76.3,54.2,A
10,65.7,69.5,A
19.8,84.4,100,A
9.9,94.1,79,A
16.5,99.4,100,A
15.3,76.5,81.5,A
10.4,95.9,85.8,A
30,81.2,100,A
19.4,83.3,100,A
0.8,91,53,A
16.3,70.2,96,A
10.4,85.9,81.2,A
21,96.9,100,A
9.5,81.8,55,A
14.2,87.3,81.5,A
18.5,86.9,72.7,A
21.1,88.6,100,A
6.6,96.5,55.6,A
12.7,77.4,91.1,A
11.7,89.4,80,A
10.4,79.9,71.4,A
27.4,97.6,100,A
17.8,78.1,89.5,A
6.2,83.9,74.7,A
21.4,88.4,100,A
29.9,90.6,100,A
22.2,90.5,94.1,A
4.4,83.1,38.9,A
11.6,81.8,69.5,A
23.9,68.3,100,A
10,85,60.4,A
18.1,74.1,98.1,A
20.4,85.1,100,A
8.5,78.2,77.7,A
14.6,66.7,81.2,A
0,100,57.8,A
7.8,76.7,63.8,A
13.2,74,69.4,A
6.3,89.9,68.7,A
26.4,74,100,A
5,83.2,57.2,A
11.9,75.7,69.3,A
15.9,79.9,83.5,A
25.1,83.8,100,A
4.9,91.8,69.7,A
23.1,96.6,100,A
15.1,72.9,90.1,A
8.1,81.6,78.1,A
18.2,72.6,100,A
16.4,82.9,76.2,A
10.8,77.5,69.6,A
15.5,74.9,77.6,A
12.3,74.2,82.4,A
15.8,74.8,89.1,A
19.6,88.3,100,A
26.1,100,100,A
6.3,76.6,43.9,A
29.9,81.2,100,A
1.3,82.9,54.5,A
13.9,88.5,62.1,A
19.1,80.3,100,A
17,92.4,85.6,A
10.6,83.8,80.8,A
13.5,92.2,92.4,A
11.5,89.6,71.6,A
10.9,88.2,74.5,A
20.9,76.2,87.5,A
17.5,92,89.9,A
10.1,90,80.4,A
21.3,100,94.9,A
17.2,77.6,92.6,A
20.7,84.6,95.8,A
19.4,93.6,100,A
9.2,89.2,62.9,A
11.1,90.4,81.1,A
20.2,70.6,100,A
19.3,91.1,100,A
14.9,97.7,87.6,A
15.8,73.4,88.1,A
23.9,86.1,100,A
10.9,80.5,77.1,A
18.8,87.2,80,A
13.6,97.7,100,A
13.5,73.9,90.6,A
22.7,85.4,95.9,A
20.8,84.2,99.6,A
20.7,88.8,100,A
24.1,80.4,100,A
15.1,100,82.2,A
19.8,73.4,100,A
12.8,97.7,79.8,A
17.3,85.2,94.6,A
14.1,73.8,84.1,A
15.7,85.1,85.3,A
19.2,74.7,87.2,A
9.3,70.9,80.3,A
29.6,100,100,A
8,90.2,71.6,A
6.5,86,75.5,A
23.1,81.6,98.6,A
20.5,93.7,100,A
19.4,87.7,100,A
19.4,80.3,97.9,A
14.9,100,90.5,A
8.7,87.3,41.3,A
15.5,75.8,93.3,A
10.3,78.2,81.3,A
21.8,88.8,100,A
14,98.7,97.8,A
9.2,88.3,56.7,A
12.8,94.1,81.2,A
17.9,78.4,99.9,A
11.1,88.1,94.6,A
9.2,83.7,72.9,A
16.7,74.9,80.6,A
16.7,94.9,97,A
11.5,78.1,89.4,A
11.7,97.9,79.7,A
16.6,100,100,A
4.9,91,59,A
5.1,79.5,56.9,A
10,72,79.9,A
13.5,80,91.5,A
17.2,85.4,100,A
25.3,85.3,100,A
21,73.6,87.3,A
13.9,65.4,87.4,A
14.9,87.1,88.3,A
8,94.8,68.8,A
14.9,90.4,94.7,A
13,92.5,76.4,A
17.3,90.4,100,A
9.2,82.3,72.1,A
18.6,100,83.7,A
25.7,65.4,100,A
14.2,88.1,85.1,A
17.8,82.1,89.5,A
19.8,80,95.4,A
12.2,97.8,82.5,A
16.6,89.5,77.5,A
15.1,99.6,89.9,A
15.7,91.3,93.3,A
9.6,94.4,80,A
15.2,88.4,96.4,A
18.5,97.3,95,A
25.2,100,100,A
21.7,97.8,100,A
30.1,99.7,100,A
9.6,89.8,82.4,A
21.1,80.3,92.2,A
16.3,94.9,100,A
30.3,64.4,100,A
9.3,81.7,60.4,A
9.1,68.2,76.5,A
10.8,87,88.7,A
0.1,100,33.8,A
11.3,76.4,67.3,A
9.7,96.9,87.6,A
16.1,76,92.1,A
17.4,76.8,85.4,A
28.1,77.2,100,A
21.7,85.5,100,A
11,70.7,97.6,A
8.7,84.9,54.1,A
18.4,92.8,85.8,A
5.8,88,63.1,A
27.8,80.3,100,A
23.3,90.6,100,A
11.7,92.7,89.6,A
3,86.6,58.6,A
24.5,85.5,100,A
14.2,100,81.5,A
23.7,87.9,100,A
3.8,85.8,67.2,A
10.8,88.7,67.8,A
15,91.7,87.4,A
15.3,82.9,90.2,A
11.8,73.2,64.9,A
19.4,67.1,88.6,A
7.5,87.5,81.3,A
14,76.5,88.5,A
15.8,90,85.6,A
18.6,87.8,91.5,A
20,83.3,100,A
7.1,83.1,66.4,A
4.3,77.5,54.3,A
23.9,70.1,100,A
17.3,91.6,89.6,A
9.8,94.2,89.2,A
25.9,79.2,100,A
15.8,90.1,96.3,A
23.3,66.9,100,A
15.5,98.2,90.5,A
29.4,91.3,100,A
27.3,83,100,A
13.3,75.8,71.4,A
21.8,100,89.8,A
19.5,91,81.8,A
24.6,93.6,100,A
8.2,85.1,74.1,A
19.8,100,100,A
22.4,82.9,96.4,A
2.7,88,47,A
6.7,90.2,46.4,A
0.7,89,54.4,A
13.1,93.6,76,A
20,80.1,97.8,A
25.5,95.1,100,A
15.5,91.8,92.8,A
26.4,90.4,100,A
5.3,97,78.9,A
3.1,78.2,74,A
14.6,81,75.3,A
17.7,90.2,88.4,A
14.8,95.8,81,A
0.5,89.4,45.8,A
14.4,97.7,80.3,A
5.9,89.5,69.6,A
19.7,81,98.2,A
17.6,84,100,A
8.4,95.8,89.5,A
11.4,95.8,66.9,A
7.6,61.6,80.3,A
14.6,92.6,67.3,A
21.7,80.6,100,A
8.1,99.4,78.7,A
18.5,94.1,86.2,A
11.3,92.8,71.9,A
9.4,88.3,49.3,A
14.3,83.4,93.4,A
7.8,89.2,55,A
11.1,76.4,79.6,A
6.6,99.9,51.9,A
28.8,70.1,100,A
15.2,100,94,A
10.1,100,96.2,A
16.5,78.7,77.5,A
14.2,81.9,85.2,A
13.5,96.6,99.2,A
19.3,72.7,92.8,A
20.3,89.4,100,A
11.3,97.7,72.3,A
11,96.7,65.7,A
13.1,82.8,66,A
0,97.2,60,A
4.4,88.1,63.6,A
24.6,98.7,100,A
26.5,77.8,100,A
13.3,79,82.1,A
19,94.1,83.4,A
17.2,98.3,97.2,A
36.6,77.7,100,A
22.8,89.4,100,A
14.1,80.7,80.2,A
8.3,78,78.5,A
3.8,88.3,67.7,A
16.4,84.5,75.5,A
9.7,79.7,74,A
5,74.5,68.5,A
10.5,52.5,66.9,A
7.4,84.7,87.8,A
26.8,72.8,100,A
21.2,82.5,100,A
14.9,96.7,88.1,A
25.4,78.1,100,A
15.5,70.6,100,A
9,90.3,85.5,A
25.7,88.9,100,A
18.8,83.2,100,A
7.7,81.4,72.8,A
13.7,87,100,A
8.9,87.4,63.5,A
5.3,74.2,72.7,A
21.5,99.4,100,A
28.4,78.6,100,A
5.2,67.6,69.7,A
18.9,82.7,95.4,A
10.4,73.6,56.8,A
11.6,98.6,75.2,A
10.9,83.9,72.6,A
9,92.6,64.6,A
15.3,94.6,72.6,A
9.2,87.1,80.7,A
16.9,100,89.4,A
14.6,91.1,91.1,A
13.3,85.4,92.8,A
8.6,88.3,63.2,A
11,76.1,80.9,A
20.3,75.4,94.3,A
18.5,93.7,92.6,A
8.2,85.4,65.8,A
15.7,94.4,96.1,A
20.3,98.4,100,A
3.3,90.4,66.1,A
18.8,98.8,90.7,A
10.4,60.2,63.3,A
19,85.9,100,A
9.7,85.1,63.5,A
2.4,77.1,79.1,A
3.6,86.1,63.9,A
15.3,76.4,88.2,A
16.8,91,79.1,A
8.7,83.1,70.6,A
19.5,77.4,99.3,A
3.4,90.9,55.1,A
14.5,100,81.3,A
6.5,81.6,43,A
10.4,83.7,89,A
15.3,88.2,78.5,A
9,82.4,77.6,A
12.3,86.8,92,A
22,74,100,A
11,73.6,73.2,A
20.8,81.3,96.5,A
7.1,81.6,62.1,A
18.7,87.9,86.1,A
25.1,90.6,100,A
0,75.7,37.8,A
9.4,84.1,65.3,A
19,80.5,79.8,A
13.6,94.1,100,A
17.6,74.9,89.2,A
10.8,94.3,79.8,A
15.6,90.9,100,A
13.9,86.3,87,A
23.2,82.3,98.9,A
16.8,78.2,98.6,A
17.4,75.7,100,A
12.1,100,86.5,A
11.6,89.1,76.3,A
12,80.6,82.8,A
17.8,73.9,100,A
12.1,67.1,100,A
17,79.1,100,A
29.5,94.1,100,A
21.1,79.6,72.2,A
12.7,76.7,87.8,A
23.4,84.8,100,A
12.1,80.1,100,A
0.7,94,63.1,A
7.9,68,61.8,A
1.9,97.1,58.9,A
12.5,88.3,76.3,A
15.1,100,100,A
26.7,76,100,A
17.3,76.1,99.4,A
13.5,79.3,89,A
20.8,77.4,83.8,A
0,82.6,61.9,A
16.6,75.8,80.1,A
20.4,100,95.8,A
4.6,75.5,58.1,A
23,93,100,A
17.4,92.8,86,A
12.1,75.1,86.8,A
19.4,89.4,100,A
30.9,100,100,A
16.3,74.3,99.9,A
16.7,79,84.2,A
11.8,89.6,80.9,A
9.1,80.8,72,A
20.8,80.6,100,A
9,85.2,65.3,A
15.5,81.6,93.7,A
11.7,77.2,67.8,A
18.4,79.1,91.3,A
17.3,98.2,84.9,A
22.3,91.5,99.3,A
11.4,87,67.3,A
13.1,63.1,99.9,A
8.1,84.5,74.1,A
11.9,65.9,100,A
17.6,93.8,91.4,A
20.3,69.7,89.6,A
8.5,81.2,76.3,A
21.1,99.7,100,A
24.5,80.9,100,A
17.9,80.6,100,A
28.1,97.7,100,A
9.6,83.5,77.4,A
6.3,78.5,52.3,A
2.5,94,51.9,A
25.5,80.4,100,A
19.6,75.5,100,A
14.6,72.6,74.7,A
17,93.8,99.1,A
7.1,100,70.6,A
32.1,78.9,100,A
15.9,90.2,97.6,A
15.8,92.5,96.7,A
20.1,79,100,A
18.4,100,98.9,A
16.6,91.6,93.2,A
9.5,79.8,73.6,A
18.3,89,89.7,A
28.2,78.6,100,A
24.4,92.7,100,A
26.2,77.9,100,A
11.4,90.2,91.1,A
8.1,77.5,71.1,A
14.1,85,69.3,A
15.4,82.3,80.9,A
22.7,89.6,100,A
3.2,86.8,66.2,A
25.7,94.9,100,A
13.9,80,89.4,A
12,92.4,78.3,A
7.9,71.9,67.3,A
3.4,77.7,69.2,A
20.8,87.1,100,A
15.5,100,89.9,A
6,91.7,49.8,A
5.9,74.6,82.7,A
12.6,100,82.1,A
26.7,100,100,A
13.2,85.6,94.7,A
4.5,73.1,65.7,A
13.3,70.8,74,A
13.1,90.4,83.8,A
0,80.5,44.5,A
14.6,91.4,90,A
13.4,91.3,86.9,A
19.9,94.1,93.6,A
27.9,74.4,100,A
22.9,89.2,100,A
13.1,75.2,75.9,A
7.3,100,78.6,A
33,85.3,100,A
15.4,76.3,97.4,A
15.1,77.8,94.8,A
14.8,89,93.2,A
16.4,86.7,92.2,A
14,85.6,75.2,A
11,84.3,73.4,A
11.2,79.6,81,A
14.8,89.5,98.8,A
11.2,93.5,86.1,A
10,75.6,84.2,A
15.7,93.5,78.1,A
13.2,100,84.4,A
25.5,81.7,100,A
0,86.4,34.5,A
22.6,83.7,100,A
23.7,84.7,97.7,A
0.5,82,51.8,A
12.6,77.7,81.9,A
12.4,90,87.5,A
5.1,88.4,70.5,A
9.6,78,76.2,A
7.2,81.4,74.6,A
27.3,88.2,100,A
21.5,81.2,100,A
23.9,74.2,100,A
20.1,82.8,100,A
7.1,91.7,83.2,A
11.3,90.3,94.8,A
18.4,90.2,100,A
6.4,69.1,51.6,A
20,84.5,100,A
13.3,57.2,95.1,A
12.4,78.5,76.5,A
20,84.6,100,A
18.1,75.7,100,A
12.5,64,68.5,A
23.1,80.8,100,A
7.4,100,66.7,A
19.3,97,96.8,A
19.2,84.3,100,A
12.8,94,100,A
17.3,75.5,100,A
6.2,82.5,70.2,A
21.5,71.9,100,A
13.7,100,71.1,A
11.3,100,75.4,A
22.3,78.9,96.1,A
10.1,94.6,87,A
5.1,81,62.9,A
4.1,68.5,71.4,A
19.2,100,100,A
6,62.4,75.6,A
27.3,89.8,100,A
0.4,91.7,50.5,A
26.9,74.4,100,A
16.5,88.5,77.2,A
14.3,93.9,93.7,A
11.2,89.9,61.4,A
17.8,82.3,98.9,A
14.7,91.2,89.5,A
22.7,79.3,100,A
15.8,100,100,A
16.1,100,97.3,A
12.5,82.9,78.4,A
14.6,81.4,81.8,A
17.2,99.6,87.4,A
3,91.5,46.6,A
5.6,68.4,71.2,A
20.2,95.3,100,A
16.2,71.3,86.1,A
13.7,69.9,99.6,A
15.1,92.9,100,A
17.4,64.5,83.7,A
11.2,98.2,81,A
9.6,96,80.7,A
16.4,91.7,80.7,A
8.2,93.2,81.6,A
17.9,80.8,80.8,A
3.1,88.7,48.3,A
22.2,91.4,99.5,A
18.3,88.2,98.8,A
16.8,95.6,74.4,A
21.9,86.5,100,A
26.7,60,100,A
22.1,94.4,93.4,A
2.1,70.4,67,A
6,71.4,92.3,A
10.6,70.8,82.2,A
15.2,80.8,77.4,A
18.6,88.3,97.9,A
9.9,75,84,A
16.3,64.5,85.2,A
9.7,85.6,76.2,A
10.7,100,70.9,A
5.2,87.8,62.5,A
8.5,82.2,77.6,A
5.5,64.4,76,A
8.2,93.4,84.5,A
22.4,77.3,100,A
8.4,79.1,83,A
33.4,78.4,100,A
18.5,80.7,94.7,A
16.3,69.5,91.8,A
9,96.7,62,A
19.9,81.7,100,A
11,92.9,72.6,A
15.9,80.6,98.1,A
32.9,100,100,A
14.3,88,97.8,A
23,89.2,100,A
10.1,63.8,67.8,A
14.8,86.9,85,A
27.4,82,100,A
10.6,76.3,77.6,A
27.7,73.8,100,A
20,78.6,100,A
11.1,83.8,78.9,A
19.4,81.4,100,A
21.8,88.7,88.1,A
19.4,78.6,85.6,A
4,92.1,74.8,A
9.9,95.3,70.7,A
13.3,91.1,71.3,A
14.5,86.2,100,A
19.3,83.8,100,A
16.2,93.9,86.9,A
5.7,91.7,80.2,A
17.7,84.4,98.3,A
19.3,80.6,100,A
18.9,89,79.8,A
22.6,84.4,100,A
20.8,88.2,100,A
18.2,78.9,93.4,A
14.5,75,88.4,A
3.4,91.5,58,A
18,69.9,100,A
16.5,95.8,93.5,A
16.9,90.6,95.4,A
6.1,94.1,74.6,A
7.4,97.7,73.7,A
22.4,86.4,100,A
14.7,82.6,97.2,A
19.8,73.6,80.1,A
15.2,81.7,90.1,A
15.2,72.5,100,A
21.6,73.2,89.3,A
11.4,74.1,80.6,A
15.7,93,100,A
11.8,83.6,68.5,A
12,86.6,75.6,A
12.8,77.6,100,A
16.6,72.1,97.5,A
11.6,79.2,84.5,A
23.8,100,93.9,A
8.7,90.1,74.1,A
13.7,95.7,77.1,A
11.9,85.8,74.8,A
25.1,84.2,100,A
16.4,85.6,96.1,A
22.2,57.4,100,A
4.6,93.4,51.4,A
16.9,64,80.3,A
21.2,81.8,100,A
15.6,65.4,88.4,A
22.5,91.4,100,A
11.4,79.3,75.3,A
24.9,97.8,100,A
31.1,86.7,100,A
12.5,92.7,75.1,A
11.9,78.9,75.5,A
25.2,68,100,A
26.1,92.7,100,A
11.3,81.2,62.2,A
12.1,98.9,71.6,A
13,64.2,97.3,A
5.6,76,60.5,A
8.6,59.9,65.2,A
8,79.4,71.7,A
9.6,89.3,77.6,A
14.8,83.7,100,A
16.6,88.9,100,A
25.9,86.2,100,A
8,68.7,100,A
21.9,87.9,100,A
13.5,94,77.3,A
14.7,79.6,68.3,A
19.7,85.9,90.1,A
7.1,75,64.4,A
17.7,100,92.2,A
16.2,67.9,70.5,A
18.4,77.4,100,A
17,85.8,80.5,A
32.2,90.5,100,A
10.5,77.8,80,A
11.3,79.8,76.3,A
10.6,89.2,86.8,A
11.1,69.4,90.2,A
10.5,91,71.2,A
23.3,100,94.4,A
24.9,88.9,100,A
11,100,89.9,A
9.2,79.4,62,A
18.3,96.1,77,A
11.1,90,88.8,A
19.4,77.9,100,A
16.4,83.3,90.8,A
4.4,82,55.3,A
25.8,75.6,100,A
27.6,95.7,100,A
10.7,75.4,65.7,A
12.3,100,86.3,A
17,79.6,87.1,A
17.3,87.5,96,A
19.6,76,100,A
29.1,92.6,100,A
13.8,77.4,90.2,A
9.4,100,95.8,A
5.3,96.7,58.9,A
9.9,97.1,61.4,A
14.8,88.1,65,A
27.6,86.1,100,A
11.4,95.3,58.1,A
16.6,94.2,99.1,A
14.9,75.6,96.2,A
23.3,84.4,100,A
32.7,81.8,100,A
11.3,89.6,63.2,A
11.6,96.5,65.5,A
22.3,85.6,100,A
19.8,87.6,90.1,A
27.9,96.3,100,A
19.1,70,85,A
12.5,73.1,100,A
19.1,97.6,88.6,A
22.8,79.9,90.3,A
20.7,92.7,100,A
18.6,78.7,100,A
22.5,93.6,100,A
23.2,84.2,100,A
24.7,76.6,92.6,A
19.5,96.5,94.2,A
13.8,89.4,70.1,A
16,79.2,90.2,A
23.4,87.4,100,A
9.3,71.1,76.5,A
17.6,78.6,100,A
12.2,72.3,73.3,A
15.2,87.1,86.1,A
23.9,72.9,100,A
16.3,73.1,77.9,A
15.3,87,97.9,A
5.5,79.6,79.2,A
20.2,100,100,A
19.5,78.9,82.8,A
30.1,81.8,100,A
12.8,77,90.3,A
16.5,81.7,100,A
16.7,83.5,89.6,A
26,73.8,100,A
14.3,78.7,89.4,A
17,75.6,100,A
19.3,87.4,96.3,A
16.3,84.3,79.3,A
11.9,69.5,85.6,A
16.4,90.4,80.4,A
22.5,80.7,100,A
7.8,90,66.2,A
15.9,76.5,87.9,A
10.1,92.1,69.3,A
23.4,89.3,98.9,A
4.3,80.2,65.2,A
11.1,93.1,77.1,A
17.6,69.1,88.5,A
26,88,100,A
14.5,85.7,85.1,A
11.1,60.5,86.6,A
28.2,91.5,100,A
4.9,67.1,54.9,A
0,86.7,51.7,A
18.1,87.1,91.9,A
11.5,93,72.2,A
7.9,87.5,59.6,A
20,68.2,100,A
16.7,98.6,97.6,A
11.1,80.3,92.1,A
6,90.4,53.3,A
21.1,76.8,100,A
19.6,70.4,100,A
14.3,99.1,80,A
27.9,87.7,100,A
7.5,88.7,73.3,A
4.3,97,64.4,A
10.2,80.3,71.1,A
14.7,83.8,90.8,A
16.7,83.1,77.4,A
13.3,91.7,87.1,A
17.5,78.2,88.1,A
6.2,70,62.4,A
25.1,92.8,100,A
14.4,82.7,87.6,A
22.8,68.9,100,A
17.4,97.6,98.9,A
18.2,91,99.1,A
19,70,88.2,A
18.1,91.5,94.7,A
19.5,70.3,100,A
24.3,95.4,100,A
16.4,90.9,80.7,A
20,80.8,100,A
14.4,96.9,95.9,A
25.1,80.3,100,A
10.3,81.8,44.7,A
27.6,87.4,100,A
14.7,75.3,91.3,A
5,82.1,59.9,A
15.9,91.3,100,A
10.2,94.7,82.3,A
20.9,87.2,85.5,A
10.4,75.6,67.9,A
11.9,79.5,62.4,A
1.8,77.2,60.3,A
11.8,67.7,74.4,A
0,95.6,35.8,A
3.9,68.8,58.1,A
20.3,100,95.8,A
20.5,78.1,98.3,A
18,69.7,100,A
8.2,75.1,63.8,A
14.7,95.3,95.2,A
15,86.3,92.5,A
6.9,85,68.2,A
25.5,88.4,100,A
21.1,86.6,100,A
13.5,80.5,91.6,A
15.2,77.9,81.7,A
16.5,50,98.9,A
0.7,97.8,61.8,A
13.3,92.4,81.7,A
10.2,77.6,76.8,A
8,94,66.2,A
13,72.5,78.1,A
27.6,92.9,100,A
19.5,70.2,91.7,A
11,76,80.7,A
19,86.8,77.2,A
24.8,70.7,100,B
21.5,96.1,96.3,B
15.4,93.3,90.3,B
10.5,91.3,77.5,B
19.9,87.4,100,B
17.8,93.2,95.1,B
21.3,83.7,100,B
19.4,70.4,97.6,B
22.3,72.9,100,B
11.3,89.8,84.2,B
24.2,97.8,100,B
16.4,92.7,94.5,B
29.5,67.6,100,B
10.2,88.6,71.7,B
27.2,83.8,100,B
16.4,99.6,100,B
10.4,79.5,66.1,B
11.6,88.9,64.1,B
12.8,94.2,71.2,B
18,73.6,100,B
18.7,68.3,84.7,B
11,70.8,96.1,B
14.8,58.4,86.1,B
30,80.3,100,B
27.1,93.7,100,B
18.1,82.9,96.4,B
15.3,93.7,100,B
15.8,77.8,100,B
19.3,78.3,98.3,B
7.8,65.5,63.5,B
13.2,85.6,74.7,B
3.3,85.1,61.4,B
17.8,100,93.1,B
19.5,86,100,B
11.6,75.9,81.2,B
26,70,100,B
6.4,89.1,74.2,B
4.7,96.1,65.2,B
16.6,86.3,71.2,B
22.3,88.3,100,B
26.8,82.3,100,B
11.8,77.2,79.4,B
22.6,83.5,100,B
14.7,94.2,100,B
13.8,95,87.7,B
21.2,78,100,B
19.6,96.3,100,B
4,89.6,54.5,B
25.3,82.1,100,B
24.7,84.9,100,B
10.6,79.9,77.3,B
17.8,88.9,96.8,B
18.5,79.7,98.7,B
16.8,100,91.5,B
11.1,79.4,85.2,B
10.3,74.9,70.7,B
14.8,87.7,65.2,B
23.2,94.7,100,B
18.8,82.1,100,B
12.4,85.4,80.2,B
20.4,83.7,90,B
0,83.7,58.7,B
23,77.5,100,B
2.8,75.9,50.2,B
12.5,79.1,95.7,B
7.2,73.1,75.7,B
5.9,76.5,68.9,B
23.1,86.6,100,B
11.7,84.9,74.5,B
17.4,74.3,76.8,B
14.7,77.4,93.2,B
18.3,100,90.7,B
15.5,86.2,85.1,B
6,81.1,71.5,B
22,94.7,91.5,B
11.5,86.2,81,B
4.1,82.3,53.6,B
12,71.2,79.1,B
25.5,88.1,100,B
21,87.2,99.2,B
12.6,67.5,90.5,B
12.6,77.1,74.6,B
12.7,90.6,78.1,B
29.5,62.3,100,B
17.7,97.5,93,B
18,78.2,96.6,B
22.2,78.7,100,B
16.7,95.4,93.1,B
13.2,76.1,89.9,B
13.6,80.6,65.8,B
14.5,83.3,99.4,B
14.7,94.9,99.4,B
20.1,88.8,86.3,B
15.4,64.1,86.1,B
20.1,100,93.9,B
14.4,69.9,82.3,B
15.6,91.3,86.4,B
1,95.3,50.4,B
21.4,100,100,B
17.4,68.2,100,B
22,77.3,100,B
0,84.2,60.7,B
29.6,76.6,100,B
14,85.9,78.9,B
22.8,74.6,100,B
7.7,87.2,73.3,B
19.3,85.3,83.2,B
7.6,100,71.2,B
10.6,92.6,88.7,B
28.4,95.9,100,B
13.7,88.6,91.6,B
16.5,80.4,97.3,B
21.1,90.5,100,B
18.5,80.2,100,B
16.1,75.1,98.2,B
17.6,89.7,77.7,B
31.8,100,100,B
14.6,91,84.5,B
16.4,99.3,88.4,B
22.4,90.7,100,B
22.7,100,100,B
23.3,97.4,100,B
19.5,98.5,95.5,B
7,87,58.2,B
26.4,91.1,98,B
7,82.7,78.1,B
17.1,76.6,100,B
9.7,80,89.7,B
14.6,81.9,98,B
17.3,76.8,100,B
17.2,85,93.7,B
18,97.4,100,B
26.3,84.8,100,B
18.2,63.2,62.8,B
13.3,79.3,100,B
21.7,83.5,100,B
23.3,100,100,B
6.4,78.2,60.3,B
19.2,77.6,100,B
19.9,83.4,100,B
12.9,88,79.3,B
24.6,72.8,100,B
13.9,88.2,66.3,B
15.9,89.2,88.4,B
13.8,78.1,76.2,B
15.1,88.2,92.3,B
7.3,73.5,73.9,B
4.9,76.9,49.4,B
26.2,77.9,100,B
9.1,78.6,70,B
8.1,82.3,66.4,B
0,80.9,53.6,B
10.5,74.2,76.2,B
5.7,100,62.4,B
26.5,81.4,100,B
22.1,82.3,100,B
10.2,99,82.1,B
30.8,100,100,B
21.9,85.9,95,B
12.7,90.9,68.2,B
0,81.8,49.9,B
31,75.3,100,B
5.3,84.1,68.6,B
3.5,85.3,43.9,B
22.2,85.9,100,B
32.1,100,100,B
24.7,83,100,B
18.9,73.6,95.4,B
19.2,76.3,100,B
21,82.6,96.9,B
20.3,64.2,82.4,B
17,63,89.8,B
15.7,84.6,83.8,B
14.6,82.9,69.9,B
9.7,80.8,82.4,B
13,82.7,79.3,B
3.1,84.6,69.3,B
14.3,68.9,98.7,B
8.1,81.5,81.5,B
7.3,86.5,56.9,B
16.3,90.9,90.4,B
24.7,72.3,100,B
21.4,100,100,B
4,83.4,64.1,B
8.1,83.5,92.4,B
21.6,99.4,100,B
8.1,70.6,72.4,B
13.4,81.3,86.6,B
18.9,90.2,100,B
8.2,74.7,62.4,B
15.7,78.3,89.9,B
5.7,76.5,72.8,B
10.8,90,82.4,B
17.2,92.3,100,B
3.8,78,47.6,B
18.1,74.9,100,B
14.9,89.1,75,B
18.9,85.3,91.3,B
16.6,91.9,99.5,B
24.5,85.5,100,B
15.9,65.4,89.8,B
12,88.3,69.1,B
15.9,86.1,98.7,B
18.8,88.2,99.9,B
15.3,93.1,87.3,B
15.3,94.5,100,B
10.1,85,88.5,B
10.4,92.5,85.1,B
5.2,76.8,64.1,B
27.2,69.4,100,B
6.3,76.2,52.7,B
10.1,64,81.4,B
10,82.2,69.5,B
21.3,71.8,100,B
12.9,88.2,73.7,B
23.7,71.5,97.6,B
10.3,68.5,86.5,B
17,100,87.5,B
9.2,82.7,82.7,B
30,82.2,100,B
6.7,95.7,62.5,B
17.2,66.8,94.1,B
19.4,69.8,100,B
17.9,79.5,82.7,B
13.7,81.3,78.3,B
14.1,89.7,75.7,B
15.3,72,99.9,B
14,87.3,83.5,B
21.7,71.2,100,B
30.5,82.5,100,B
11.1,93.1,76.7,B
5.4,64.8,48.5,B
14.4,77.9,78.9,B
33.1,66,100,B
9.4,94.7,83,B
26.5,88.1,98.8,B
26.7,89.2,100,B
11.1,92,66.1,B
19,78.4,100,B
26.4,74.4,100,B
12.3,91.8,82.3,B
13.6,71.8,87.4,B
10.9,82.3,71.1,B
7.9,84.7,67,B
10.5,68.3,73.1,B
6.4,94.4,68.1,B
15.2,89.1,86.5,B
9.6,66.3,79.1,B
16.6,85.1,79.2,B
4.1,87.9,50.5,B
17.3,93.4,100,B
20.8,90.3,100,B
1,74.2,60.3,B
17.6,61.9,99.5,B
23.6,97.3,96.5,B
6.5,73.7,54.7,B
26.7,81,100,B
17.9,80.3,77.7,B
10.1,72.3,75,B
14.6,100,75.5,B
18.9,66.1,91.5,B
15.5,73.5,97.3,B
18.8,71.4,93.9,B
8.6,85.2,64.3,B
16.2,86.4,72,B
5.1,85,65.5,B
14.2,88.9,78.4,B
8.7,58.9,65.2,B
9.9,89.7,71.3,B
23.7,91,100,B
22.6,98,100,B
19.3,62.9,91.9,B
7.4,86.9,79.2,B
12.8,100,82.1,B
23.5,86.4,100,B
16,94.6,98.5,B
31.2,92.7,100,B
17.8,90.5,93,B
16.3,76.4,81.2,B
12.8,77.8,71.3,B
15.9,88.4,79,B
13.9,82.8,91.8,B
20,81.1,95.8,B
21.7,80.9,100,B
9.5,78.1,77,B
5.7,90.1,68.5,B
2.1,86.1,58.7,B
18.6,94.2,95.5,B
7.3,93.6,66.1,B
0,86.4,51.7,B
17.7,86.2,94.8,B
32.5,100,100,B
15,100,81.2,B
20.9,78.6,100,B
15.6,76.5,97.4,B
14.3,100,72.3,B
21.4,77.1,98.7,B
13,89.4,75.1,B
16.9,76.6,87.3,B
17.3,87.9,88.1,B
10.3,85.1,68.9,B
21.9,91.2,100,B
13.8,81.3,74.1,B
9.7,93.5,80.1,B
18.8,60.6,85.7,B
8.7,81.6,65.8,B
15.2,79.2,84.8,B
14.9,83.5,93,B
22.6,70.8,100,B
18.3,73.8,95.3,B
14.8,69.4,93.3,B
20.7,87.1,91.6,B
24.7,100,100,B
18.9,75.2,100,B
15.1,100,83.4,B
5.8,84.1,59.8,B
7.5,80,76.7,B
12.9,81.2,86,B
10.7,96.3,69.5,B
13.7,83.4,98.7,B
15.4,92.8,89.6,B
18.7,86.3,95.3,B
14.5,81.3,81.8,B
18.4,80.5,100,B
15.5,74.7,86.5,B
1.2,81.8,40.6,B
8.4,85.2,68,B
14,89.7,88,B
6.5,91.1,77.6,B
19.2,85.1,100,B
25.7,78.9,100,B
23.5,96.4,100,B
13.5,77.4,97.1,B
25.4,68.5,100,B
16,85.2,83.9,B
12.6,63.7,95.1,B
10.7,98.2,82.3,B
12.9,88.6,91,B
12.3,93.8,70.1,B
16.2,87.2,94.2,B
16.1,89.6,97.5,B
15,73.7,88.7,B
18.1,89.6,100,B
23.3,62.7,100,B
21.6,91,100,B
4.6,83.3,55.4,B
0,75.1,43.6,B
21.5,80.4,87.5,B
5.4,84.4,57.2,B
13.4,88.2,94.3,B
6.8,79,62.2,B
2.4,97.4,47.4,B
18.8,100,100,B
20.3,75.6,80.3,B
11,70.3,72.9,B
0,76.9,60.7,B
11.2,84.6,88.6,B
17.7,91.4,82.9,B
4.6,82.9,61.4,B
16.3,86.5,80.3,B
14.9,78.7,74.3,B
19.1,83.8,98.8,B
15.8,82.4,80.6,B
8.2,71.8,40.1,B
23.4,100,100,B
13.9,83,100,B
14.8,95.5,78.5,B
8.5,75.9,63.9,B
11.9,78.6,89.9,B
8.8,94.5,64.2,B
13.8,77.9,81.9,B
27,92.7,100,B
5.4,80.8,65.2,B
3.7,90.2,54.6,B
25.3,72.9,100,B
13.5,83.6,66.2,B
10.3,95.6,85.9,B
22.3,78,95.6,B
10.8,89.4,76.8,B
27.8,89.7,100,B
19.7,87.9,94.4,B
11.6,91,98.7,B
30.1,72.7,100,B
10.8,64,61.6,B
20.2,91,100,B
17.1,87.8,94.1,B
24.1,71.3,100,B
25.9,88.4,100,B
15.2,85.9,82.9,B
9.7,83.7,63.3,B
18.2,84.6,93,B
10.3,83.2,68.4,B
29.1,75.4,100,B
16,79.7,100,B
12.4,83.4,63.5,B
16.3,100,91.8,B
5.6,99.2,53.1,B
8.2,99.3,53.4,B
23.4,88.8,95.6,B
10.4,96.5,80.9,B
7.7,56.1,56.7,B
18.8,76.8,87.5,B
23.3,84.2,100,B
20,90.9,100,B
22,84.2,100,B
9.7,64.4,52.9,B
5,96.4,67.4,B
25.5,74.8,100,B
12.7,84.8,76.7,B
13.2,87.9,60.9,B
24.3,91.8,100,B
18.9,88.8,99.5,B
18.2,82,100,B
30.2,76.2,100,B
10.5,89.7,76.2,B
21.5,81.2,100,B
15.4,86.5,89.4,B
16.9,67.8,90.4,B
25.7,89.7,100,B
18.6,81.2,91.9,B
18.8,74.1,100,B
22.5,90.8,100,B
12.4,79.7,74.9,B
9.1,78.7,46.7,B
7.7,72.6,66,B
1.2,90.6,50.3,B
29.4,93.1,100,B
7.3,76.8,55.8,B
13.5,90.5,84.8,B
13.1,69.1,88.4,B
17.2,83.6,96.4,B
20.7,79.2,100,B
21,78.9,94.8,B
10.9,97.9,77.5,B
13.8,90.3,79.2,B
17,76.4,93.1,B
13.3,83.3,100,B
26.3,91.1,100,B
18.4,91.5,70.5,B
20.1,81.6,95.8,B
19.6,87.7,97,B
23.2,89.9,100,B
16.3,70.5,88.2,B
5.9,79.7,80.6,B
17.8,90.4,93,B
10.4,68.1,50.3,B
11.3,92.5,84.8,B
19.1,81.6,100,B
23.7,82.8,92.5,B
15.1,79,86.2,B
17.2,74.2,84.5,B
26.9,92.5,93.9,B
16.7,69.9,88.9,B
33.2,70.7,100,B
19,79.9,100,B
2.7,85.9,44.8,B
20.3,93.5,100,B
17.7,84.8,92.2,B
24,83.5,100,B
19.7,78.6,100,B
14,86.1,93.4,B
6.4,73.6,66.5,B
13.5,73.8,83.1,B
9,78,66.8,B
10.9,92.4,89.2,B
19.1,79.3,94,B
26.7,75.8,100,B
17.8,93.2,90.5,B
6.6,100,63.5,B
18.1,81.3,93.4,B
23.4,84.8,87.3,B
10.7,76.6,89.9,B
14.1,88.1,86.6,B
15.1,71.9,88,B
9.5,93.9,63.3,B
19.5,80.8,98.9,B
14.2,81.4,87,B
17.9,79.7,78.6,B
8.8,87.3,78.2,B
11.9,84.9,84,B
20.1,100,88.7,B
12.4,91.1,92.6,B
27.1,68.4,100,B
12.2,77.8,79.3,B
16.6,87.7,92.6,B
21.5,100,100,B
5.1,75.6,54.4,B
2.7,99.9,56.1,B
4.3,73.1,54.7,B
23.8,89.7,100,B
11.1,91.4,100,B
32.9,91.6,100,B
11.1,96,78.5,B
16.3,86,75.6,B
25.8,89.2,100,B
29,85.5,100,B
29.4,81.1,100,B
23.5,96,100,B
22.2,74,100,B
19.1,84.3,95.2,B
20.4,80.5,100,B
11.1,81.1,80.1,B
9.3,70.3,77.7,B
15,74.3,98.3,B
13.8,79.8,73.8,B
11.8,86.8,50.6,B
19.9,78.5,100,B
21.7,83.3,100,B
15.6,80.6,100,B
25.3,86.2,100,B
7,78.2,58.1,B
13.6,86.6,75.6,B
10,79.7,67.7,B
1.9,98.3,70.1,B
14.4,94.3,98.3,B
14.1,82.2,85.3,B
25.6,96.1,93.4,B
19.4,73.1,92.2,B
7.8,91,77.8,B
28,87.5,100,B
23.5,76.3,100,B
19.1,89.2,98.6,B
13.4,87.3,96.9,B
8.3,100,75.4,B
12.4,96.5,81.8,B
22.6,83.2,100,B
28.2,99.1,100,B
25.8,70,100,B
11.6,86.2,76.9,B
7.2,74.6,62.9,B
16,100,94,B
2.6,100,49.2,B
17.3,81.9,89.7,B
14,82.8,91.8,B
11.7,81.3,89.8,B
3.8,88.5,55.6,B
18.6,72.4,98.7,B
11.3,94.1,79.7,B
6.8,80,55.9,B
0,96.5,34.7,B
14.8,73.9,100,B
27.4,73.9,100,B
26.6,96.1,100,B
11.8,98.8,91.8,B
10.8,80.2,89.2,B
18.3,82.7,97.3,B
8,83.5,68.9,B
17.1,93.2,90.9,B
20.4,84.9,96.1,B
23.6,76.9,100,B
14.3,87.3,79,B
13.6,98.4,87.7,B
8.9,93.2,64.1,B
9.2,92.9,74.7,B
13.4,83.3,95.3,B
17.6,66.4,93.4,B
21.4,98.4,100,B
9.4,83.4,77.8,B
25.4,92.3,100,B
13.1,58.2,92.5,B
14.9,90.7,72.3,B
9.8,96.7,65,B
0,81.6,46.6,B
21.2,79.2,100,B
20.2,91.1,99.2,B
13,80.9,70.4,B
15.5,70.1,89.6,B
18.6,93,93,B
4.1,96.1,63.4,B
11.3,96.4,93.2,B
20.6,93.5,95.4,B
6.2,86.6,78.6,B
17.1,83.2,88.8,B
5.5,91.4,63.2,B
18.3,98.6,88.9,B
14.8,74.3,95.4,B
3.7,77,48.8,B
23.2,80.2,90.8,B
9.9,88.3,76.3,B
9.3,84.5,77.2,B
16.4,94.6,94.9,B
23,88.6,77.5,B
7.9,69.6,78.6,B
15.4,66.3,95.8,B
18,91.5,100,B
19.9,100,93.5,B
16.2,76.4,84.5,B
12.4,90.8,82.6,B
9.2,84.7,71.5,B
15.6,100,93.1,B
7.5,86,80.2,B
0,84.6,66,B
18.1,93.5,100,B
21.3,94,100,B
0,90,57.5,B
7.9,98.5,49,B
19.3,93.8,87.5,B
29.4,100,100,B
15.1,71.5,100,B
9.9,74.8,66.3,B
13.7,86.5,63.6,B
24.6,72.5,100,B
10.5,82.5,79.8,B
9.4,79.1,80.7,B
11.6,88.6,79.8,B
8.3,78.8,50.1,B
15.9,78.5,78.4,B
26.4,84.8,100,B
17.3,86.7,96.1,B
13.2,63.8,74,B
13,92.8,84.9,B
4.1,85.3,75.9,B
21.2,91.2,100,B
14.5,90.2,98.6,B
13.7,70.3,70.2,B
37.4,81.5,100,B
17.1,84.6,92.4,B
9.7,83.4,87.9,B
12,75.3,64.3,B
23,74.3,100,B
15.8,86.2,98.7,B
4.9,100,80.3,B
21.4,75.7,100,B
10.3,88.6,82.4,B
28.1,100,100,B
22.6,86.2,87.9,B
11.9,100,78,B
24,100,100,B
15.5,100,84.2,B
21,91.9,93.6,B
18.4,100,95.8,B
9.1,91.1,87,B
10.5,98.7,63.9,B
22.2,81.1,93.1,B
12.7,96.3,89.8,B
12.2,89.5,96.2,B
8.3,78.8,62.8,B
18,76.3,95.4,B
29.4,89,100,B
7.5,97.4,74.1,B
15.2,87.7,100,B
24.9,100,100,B
14.4,81.6,81.9,B
18.2,79.3,100,B
7.6,74.7,78.2,B
18,92.4,73.4,B
13.7,93.3,78,B
21.9,89.4,100,B
23.3,95.7,100,B
33.1,83.8,100,B
19.1,85.9,100,B
17.3,96.9,100,B
16.4,86.6,85.8,B
12.5,83.6,98.1,B
17.4,72.5,96.9,B
12.9,81,84.3,B
16.2,81.5,100,B
24.2,76,99.8,B
8,93.1,69.8,B
23,70.4,100,B
24.2,95.8,100,B
14.2,77,82.6,B
0.1,91.9,62.6,B
10.7,80.2,85.9,B
24.1,100,100,B
14.8,97.9,85.6,B
8,87.4,82.8,B
11.5,100,53.6,B
20.9,94.1,100,B
18.8,92.9,89.9,B
13.3,98.6,98.3,B
12.4,54.1,83.9,B
12.3,90.9,71.7,B
8.5,88.7,61.4,B
26.3,97.3,100,B
12.7,77.8,95.8,B
23.5,86.6,100,B
25.6,90.8,100,B
22,68.6,100,B
12,90.8,85.4,B
17.8,70.8,99.5,B
14.8,100,100,B
8.7,85.8,50.4,B
17.3,69.7,95.4,B
6.7,86.2,73.6,B
23.3,90.6,100,B
11.7,90.7,85.8,B
16.4,83.4,85.3,B
17,64.4,97.8,B
13.2,73,77.4,B
19.1,89.7,81.3,B
11.7,84.4,72.3,B
21.1,75.8,83.8,B
5.6,80.4,74.8,B
15.9,84.2,100,B
28.6,80.6,100,B
8,60.6,60.5,B
10.3,71.1,78.6,B
18.6,79.3,98.8,B
16.3,85.5,100,B
17.5,78.7,100,B
18.4,87,100,B
19.4,93.9,100,B
22.8,100,96.8,B
17.9,78.2,95.4,B
13.3,100,75.8,B
19.7,77.3,100,B
28.3,90.9,100,B
14.1,90.5,76.3,B
8.2,85.4,63.1,B
22.7,75.3,100,B
14.2,78.3,79.8,B
0,96.4,53.8,B
20.9,95.2,100,B
11.3,81.3,85.2,B
14.4,75.6,87,B
17.3,85.7,91,B
16.3,94.2,89.7,B
20,67.3,99.4,B
12,91.6,87.3,B
18.6,83.2,97.1,B
13.2,100,87.7,B
20.2,75.4,100,B
19.3,79,100,B
8.5,87.3,86.8,B
22.6,84.8,98.3,B
11.2,87.5,91,B
20.7,94.1,99.9,B
17.6,90.8,92.6,B
27.9,76.9,100,B
13.4,79.5,87.7,B
12.6,92.8,82.4,B
14.9,83.5,92.5,B
12.9,91.3,90.2,B
20.6,70.8,96.1,B
3.7,79.8,57.1,B
7.6,100,65.2,B
7.5,76.5,74.1,B
21.7,75.5,100,B
27,82.3,100,B
14.3,87.6,94.7,B
13.8,88.2,68.8,B
15.5,92.9,83.1,B
23.1,72.5,96.1,B
8.5,73.4,63,B
16.7,75.5,91.6,B
21.8,91.5,100,B
18.5,77,87,B
16.3,95,91.5,B
22,67.2,99.2,B
0,89,60.7,B
19.7,84.5,100,B
10.4,98.1,87.8,B
2.2,95.2,52.6,B
18.6,89.1,81.3,B
24.6,100,100,B
14,86.1,100,B
21.7,95.7,97.4,B
26.3,82.3,100,B
24.2,91.9,100,B
26.5,74.2,100,B
20.2,80.6,100,B
15.5,82.4,97.8,B
3.8,74.1,49.3,B
13.3,73.5,93.1,B
9.1,75.5,44.6,B
30.2,82.7,100,B
13.8,100,96.9,B
15.9,88.6,100,B
18.9,93.9,100,B
15.3,84,89,B
26.9,98,100,B
10.6,93.7,73.5,B
16.4,76.6,76.9,B
9.8,86.9,65.5,B
5.8,79,58.8,B
10.7,95.6,80.2,B
14.7,77.1,84.3,B
12,90.2,64.5,B
10.2,88,66.3,B
5.2,91.5,56,B
14.4,90.9,79.5,B
4.5,100,40.7,B
20.3,85.2,73.2,B
15.6,79,83.1,B
4.8,81.4,63,B
12.8,79.9,82.9,B
9.7,72.4,76.4,B
17.2,88.7,98.8,B
24.4,70.3,100,B
1.9,95.8,65.2,B
15.8,87,71,B
13.9,84.6,92.8,B
19.7,93.1,100,B
16.5,67.3,97.8,B
9.7,74.4,53.1,B
12.8,77.3,83.7,B
9.4,72.9,79.4,B
22.5,98.7,94.7,B
15.1,88.1,90.5,B
28.3,81.9,100,B
14.6,80,88.4,B
10,100,61.9,B
4.4,78.7,61.3,B
2.4,84.3,60.9,B
3.9,86.4,57.8,B
16.9,74.5,99.1,B
18.6,84.5,93.9,B
3.9,79.3,65.6,B
21.3,89.9,95.5,B
11.6,98.8,78.7,B
16,86.7,100,B
26.3,81.8,100,B
21.3,84.6,100,B
13.1,85.4,96.6,B
8.8,100,76.9,B
0,81.5,36.6,B
10,96,87.1,B
13.5,78.5,89.1,B
8.1,79.3,77.6,B
14.1,86.8,88.1,B
15.5,80.9,86.5,B
13.4,100,91.3,B
10.4,87.7,74.6,B
16.2,83,85.4,B
18.1,74.5,100,B
7.4,90.6,85.7,B
24.9,74.3,100,B
14.3,86.8,81.4,B
15.1,78.4,86.3,B
20,82.1,88.7,B
16.6,71.8,88.8,B
21.7,79.6,99.2,B
17,83.6,100,B
10.7,79.5,90.3,B
17.5,74.1,100,B
7,87.2,62.5,B
15.8,90.9,100,B
14.8,85.1,72.7,B
13.5,83.9,77.2,B
14.1,93,87.2,B
1.8,100,55.9,B
11.2,77.5,77.5,B
15.6,80.8,96.1,B
16.1,73.7,94.3,B
7.8,80.9,71.7,B
23.9,86.4,100,B
8.9,74.5,74.1,B
21.8,86.8,100,B
18,79.1,100,B
10.5,67.7,79,B
27.4,96.8,100,B
6.6,82.3,63,B
21.4,80.9,100,B
22,80.1,100,B
10.3,81.4,73.4,B
24.7,80.7,100,B
13.2,88.4,99.1,B
17,82.5,98.7,B
16.8,77.7,98,B
14.1,87.7,89.4,B
20.7,80.2,100,B
20.6,95.9,100,B
2.8,100,71.7,B
24.1,88.3,100,B
3.4,62.3,79.5,B
22.2,100,96.4,B
22.9,99.8,100,B
7.4,93.1,75,B
12.1,91.6,100,B
7.3,84.6,66.4,B
13.5,83.4,73.8,B
12.8,96.2,77,B
20.5,89,100,B
24.2,89.7,100,B
24.8,73.7,100,B
11.1,91.9,71.7,B
13.5,82.3,78.5,B
3.2,87.9,89.1,B
9.4,85.2,71.6,B
21.8,83.8,96.4,B
26.3,73.9,100,B
6.4,82.7,63.2,B
10.9,97.3,57.2,B
14.8,87,88,B
17,92.7,90.5,B
9.3,93.5,74.3,B
18,82.5,86.1,B
11.7,66.2,86.1,B
14.9,90.9,88.6,B
18.8,84.2,89,B
15,80.8,100,B
11.9,96.8,67.3,B
14.2,80.2,79.2,B
14.4,91.6,97.2,B
12.4,80.8,82.9,B
13.2,91.3,69.6,B
26.2,89.7,100,B
18.9,87,100,B
12.9,84.7,81.9,B
19.9,84.6,100,B
12.7,100,95.5,B
23.2,80.7,97.5,B
17.6,63.4,77.8,B
14.2,77.6,99,B
18.1,72,87.4,B
4,94.2,59.3,B
7.1,88.8,86.8,B
6.6,86.7,63.8,B
16,90.4,100,B
27.1,96.5,100,B
30.6,81.1,100,B
19.5,78.9,100,B
18.5,77,100,B
2.4,100,42.2,B
11.2,88.2,84.9,B
9.5,83.7,66,B
10.7,92.3,63.8,B
13.8,64.7,76.1,B
11.7,82.7,84.8,B
1.1,100,62.5,B
20.2,89.9,88.8,B
7.5,81.2,88.8,B
16.7,68.4,73.8,B
29.5,91.7,100,B
8.6,83,82.4,B
0,73.1,59.2,B
13,70,76.7,B
22.7,84,99.5,B
28.7,68.5,100,B
6.4,70.8,69.9,B
18.5,84,93.4,B
11.7,87,60.1,B
14.3,67.8,76.4,B
33.5,74.4,100,B
4.5,88.7,74.1,B
16.8,79.4,100,B
18.3,97.2,94.8,B
22.6,65.9,100,B
15.7,87.4,92.9,B
17.2,72,100,B
12.3,94.9,71,B
16.9,87.4,98.6,B
12.6,77,67.5,B
19.4,93.2,84.3,B
12.4,100,66.4,B
17.6,83.9,92.2,B
14.8,93.7,95.7,B
22.9,73.5,100,B
14.6,95.7,68.6,B
2.6,89.9,54.9,B
23.8,78.1,100,B
8.7,77.7,62.9,B
10.4,80.2,66.3,B
10.8,95.8,73,B
24.6,85.6,100,B
0.1,90.4,54.9,B
37,86.8,100,B
22.4,96.4,100,B
16.6,100,87.5,B
14.6,75.1,75.6,B
17,94.9,92.9,B
18.6,79,76,B
19.5,92.4,100,B
18.9,71.9,87.2,B
15.6,76.6,95.9,B
13.6,98.4,80,B
13.9,89.1,70,B
13.6,90.2,93.3,B
22.9,84.4,100,B
19.2,82.5,100,B
0,93.4,51.4,B
19.6,88.1,94.5,B
16.4,86.5,97.2,B
14.9,77.7,81.7,B
12.3,79.7,62.5,B
22.9,71.4,100,B
21.6,81,90,B
9.6,100,67.5,B
17.8,85.7,100,B
8.2,100,45.7,B
5.3,86.4,44.4,B
10.6,96.3,71,B
21,69.1,100,B
21.7,75.6,100,B
18.6,91.9,100,B
20.1,86.5,100,B
18.6,100,100,B
10.5,87.7,71.4,B
18,83,90.6,B
20.6,83.5,99.1,B
20.3,91.6,100,B
23.3,83.1,100,B
20,74.2,100,B
17.5,87.7,100,B
22.5,81.5,100,B
14.8,98,75,B
8.8,92.5,51.5,B
13.9,90.2,85.6,B
9.8,89,83.9,B
10.3,88.1,59.8,C
14,81.4,93.9,C
9.5,100,64.3,C
12.8,86.5,81.4,C
1.7,93,51.2,C
16.5,100,72.4,C
15,87.6,76.2,C
9.3,79.6,65.8,C
19.6,100,99.1,C
21.6,89.4,100,C
3.7,91.4,45.1,C
9.7,95.4,78.9,C
9.6,94.2,62.5,C
8.4,100,53.7,C
20.8,75.3,85.9,C
13.6,77.6,79.8,C
13.1,86,81.4,C
1,100,45.4,C
19.4,86.2,100,C
6.3,82.7,61.9,C
15.4,90.4,84.1,C
16.9,81.1,93.6,C
24.5,78.9,100,C
5.8,70.2,66.4,C
0,100,52.5,C
16.3,65.4,94,C
27.6,87.9,100,C
23.7,93.6,100,C
16.5,88.6,98.1,C
11.6,85.1,61.1,C
20.6,70.2,100,C
8.2,72.7,58,C
18.3,83.9,98.9,C
18.5,68.3,72.8,C
22.4,65.6,91.3,C
34.3,81.6,100,C
17.7,77.9,90.1,C
11.4,82.7,74.4,C
14.8,67.7,91.2,C
2.6,62.5,67.3,C
10.1,82.4,67.3,C
12.1,76.2,67,C
11.3,94,75.6,C
16.1,76.9,74.5,C
9.2,94.6,79.9,C
22.8,62.2,100,C
15,84.6,94.1,C
14.9,75.8,85,C
12.7,97.4,79.1,C
16.1,81.8,94.7,C
20.8,89,100,C
8.9,77.9,73.4,C
10.4,100,82.2,C
12.9,71.2,76.2,C
5.6,88.1,64.1,C
9.3,88.2,63.3,C
11.7,95.5,81.5,C
21.1,97.1,83.2,C
16.8,87.9,83.6,C
16.4,100,95.6,C
21,86.7,100,C
14,89.7,79.6,C
17.7,100,89.1,C
14.3,75,93.4,C
16.9,82.9,92.5,C
10.9,82,77.1,C
0,93.4,50.2,C
14.1,91.2,82.5,C
25,84.6,100,C
21.5,91.6,98.9,C
21.8,84,100,C
23.7,88,100,C
15.6,90.3,73.9,C
16.4,60,95.4,C
10.7,92.4,75.7,C
12.8,82.4,87,C
19.3,91.4,100,C
23.4,68.5,100,C
14,88.6,97.5,C
11.8,80.5,69.6,C
15,89,100,C
19.2,86.1,100,C
4.9,74.2,87.6,C
0,77.9,51.2,C
11.1,90,65.3,C
6.5,83.8,69.2,C
11.4,85.6,63.1,C
14,60.5,71.5,C
11.8,84.1,77.2,C
25.2,88.8,87.9,C
17.3,100,95.7,C
17.1,88.6,100,C
19.4,78,100,C
7,92.8,78.4,C
22.3,98.7,96.5,C
14.5,95.5,86,C
19.7,80.7,100,C
7.5,97.1,60.6,C
4.1,82,64.5,C
20.7,76,99.1,C
17.6,98.9,100,C
8.7,85.8,64.3,C
8.9,74.9,63.4,C
22.9,86.8,100,C
6.7,75.7,76.9,C
26.5,81.7,100,C
8.7,95.7,85.1,C
19.5,83.3,100,C
12.7,80.9,79.5,C
19.2,98.8,83,C
11.2,74.3,89.6,C
13.9,89.7,84.3,C
15.3,79.7,93.6,C
8,83.5,76.9,C
20.2,79.8,100,C
11.4,65.3,100,C
13.4,94.2,87.6,C
8,72.7,76.7,C
0,79.8,14.6,C
13.7,82.1,91.3,C
31.9,81.8,100,C
20.5,71.7,100,C
14.9,83,65.2,C
13.2,85,80.3,C
15.2,87.5,88.3,C
18.8,82,100,C
6.7,87.1,73.3,C
22.8,86.8,100,C
20,82.6,100,C
20,99.6,92.6,C
18.1,64.5,100,C
15.1,74.6,98.2,C
19.7,89.8,95.8,C
19.1,83.1,98.9,C
12.5,76.3,89.6,C
11,100,83.4,C
15.7,97.2,95.4,C
25.8,69.6,100,C
6.3,82.7,69.2,C
4.7,90.7,68.1,C
16.2,86.9,92.6,C
15.4,78.8,82.7,C
16.2,87.8,78.5,C
16.7,72.9,79.5,C
13.4,92.3,85,C
25.4,94,100,C
3.8,90.2,55.2,C
9.2,91.3,77.3,C
14.3,92,79.6,C
3.5,82.6,46.1,C
13.8,91.6,90.6,C
26.6,88,100,C
15.1,88.5,87.5,C
16.6,85.4,90.3,C
6.2,93.6,62.9,C
10.7,76,74.4,C
12.4,72.5,87.9,C
12.8,77.7,83.4,C
24,99.3,100,C
18.9,76.9,100,C
7.2,86.7,59,C
16.7,88.6,100,C
18.5,100,92.5,C
23,71.9,93.8,C
26.1,79.3,100,C
7.9,78,75,C
9.3,81.3,55.1,C
6.2,84.3,85.7,C
13.4,97.8,72.3,C
18.3,78.1,93.3,C
21.9,100,100,C
14.5,86.9,75.9,C
12.8,71.4,88.8,C
16.1,72.7,99.1,C
9.2,100,57.4,C
29.6,93.9,100,C
3.7,72.3,63,C
16.3,69,93.2,C
29.2,100,100,C
15,79.1,88.9,C
13.7,91.3,86.8,C
12.5,83.6,84.8,C
13.7,80.5,80.2,C
24.6,94.4,100,C
0,74.9,50.4,C
25.7,96.2,100,C
5,91.3,65.3,C
13.1,65.4,96,C
12,92,72.6,C
19.1,91.7,94.7,C
3.8,85.1,45.2,C
18.2,100,92.4,C
29.2,89.1,100,C
5.5,100,61.9,C
16.3,85.1,72.5,C
10.4,96.6,62.7,C
18,100,93.8,C
15.1,72,77.2,C
10.5,98.5,69.5,C
18.4,96.8,100,C
27.6,90,99.2,C
13.7,74,91.2,C
20,84,100,C
5.9,87.8,71.9,C
8.3,97.4,55.2,C
18.3,91.9,100,C
25.4,95.6,100,C
17.5,77,81.8,C
12.8,75.6,93.3,C
15,67,85.1,C
6.2,88.8,82.9,C
19.2,77.1,100,C
21.2,69.9,89.7,C
11.8,73,82.2,C
11.7,76.9,67,C
16.9,100,92,C
11.9,86.7,83.5,C
14.5,91.3,91.4,C
29.7,88.7,100,C
13.3,87.7,77.4,C
12.5,67.7,94.2,C
10.5,83.4,76.7,C
20.2,86.8,95.9,C
13.7,80,74.7,C
10.5,80.7,73.8,C
24.2,81.3,97.7,C
24.9,83.7,100,C
10.8,100,91.1,C
1.9,78.1,65.2,C
22.1,89,99.5,C
10.2,75.8,75.9,C
20.5,63.4,94.6,C
1.2,96.8,65.2,C
21.2,75.3,99.5,C
6.5,71.4,67.5,C
20.1,79.7,100,C
15.1,95.6,86.4,C
8.3,87.9,73.9,C
12.2,100,86.1,C
19.8,95.1,95.4,C
15.7,71.4,78.6,C
19.1,80.5,100,C
28.8,76.6,100,C
4.1,72.7,64.8,C
26.3,95.9,100,C
15.7,68.8,89.1,C
8.7,82.5,79.8,C
5.7,91.4,42.3,C
13.7,71.5,67.3,C
21.5,86.7,100,C
14.1,93.7,68.8,C
25.6,65.5,99.4,C
4.8,93.1,66.3,C
14.9,82.8,85.6,C
6.2,80.9,80.8,C
17.5,93.5,100,C
21.2,100,100,C
12.1,70.5,76.6,C
0,95.4,34.9,C
16.4,90.5,77.9,C
18.1,81.9,82.4,C
17.8,87.4,82,C
23.7,78.4,100,C
7.5,71.1,55.3,C
19.8,100,85.8,C
23.3,100,100,C
2.5,98.3,63.7,C
17.2,74.4,88.3,C
11.5,88,90.4,C
14.4,100,89.8,C
17.4,75.8,100,C
11.6,84.2,90.1,C
10.3,84.9,68.5,C
15.2,82,87.4,C
7.4,69.4,86.4,C
7.4,80.3,56.5,C
19.8,91.3,88.6,C
7,95.2,87,C
19.7,91.4,100,C
18.2,83.7,100,C
2.9,89.5,58.5,C
10.3,100,72.3,C
23.4,99.1,93.5,C
8.1,96.1,83.9,C
11.7,93.6,70.8,C
18.2,95.7,100,C
20.5,66.7,98.8,C
13.2,71.5,100,C
10.8,86.1,85.5,C
25,80.8,100,C
27.2,95.3,100,C
21.9,81.4,100,C
15.6,62.4,97.1,C
9.3,78.8,89.1,C
9.2,91.3,81.9,C
18.7,93.7,93.9,C
17.9,80,98.3,C
24.8,66.8,100,C
19.6,90.6,100,C
4.5,88.6,35.2,C
22.4,88.3,100,C
8,88.3,77,C
12.3,79.9,76.9,C
16.8,79.8,86,C
29,81.3,100,C
36.8,81,100,C
19.2,81.9,92.6,C
13.7,100,74.3,C
18.7,78.1,91.8,C
21.2,90.1,96.7,C
12.8,79.6,77.5,C
27.6,93.5,100,C
16.6,74.8,100,C
18.5,100,100,C
19.7,98.4,100,C
18,88.3,99.7,C
20.9,80,97.6,C
10.7,67.2,80.1,C
11.1,88,88.4,C
7.3,85.7,66.3,C
18.1,76.7,100,C
20.5,85.9,100,C
18.2,68.6,100,C
26.7,100,97.2,C
15,83.2,100,C
19.7,100,100,C
7.4,66.1,69.8,C
12.3,82.7,73.9,C
19.9,68.5,100,C
20.9,75,100,C
12.9,96.6,89.9,C
14.5,100,89.8,C
4.4,91.9,66.9,C
12.5,79.6,90,C
21.2,88.7,98.7,C
19,86.9,94.9,C
18.5,92,85.2,C
15.3,83.1,90.5,C
15,73.4,96.5,C
10.4,79.4,84.3,C
19.9,81.3,95.8,C
17.9,89,85.4,C
18.4,82.1,98.8,C
11.3,95.9,91.8,C
0,88.2,24.3,C
22.7,94.9,100,C
11.6,80.9,65.9,C
9,67.2,69.6,C
19.9,87.2,100,C
12.3,67.5,85.8,C
22.4,94,100,C
19.3,93.4,98.9,C
19.8,81.2,100,C
5.4,92.5,83.6,C
23.5,94.8,100,C
16.8,81.4,81.7,C
12.4,87.5,80.4,C
16,73.3,100,C
2.6,96.8,61.8,C
17.9,69.7,100,C
7.8,78.3,78.7,C
5.5,93.1,66.4,C
4.3,83.7,63.9,C
22.8,98.7,100,C
10.6,100,54.7,C
25.7,75.3,100,C
11.2,66.6,63.4,C
3,100,53.2,C
7.2,89.3,74.1,C
23.7,100,100,C
13.9,100,91.2,C
11.2,92,77.5,C
16.1,93.5,89.1,C
18.5,92.7,100,C
22.8,92.2,100,C
25.1,80,100,C
12.5,97.9,97.1,C
5.7,85.7,60.5,C
12.1,90,82.6,C
16.8,86.3,93.4,C
8.3,93.9,73.6,C
8.3,90.3,80.8,C
17.4,87.8,74.2,C
14.7,75.5,77.9,C
15.2,81.9,98.8,C
9.7,86,80.2,C
13.4,79.8,80.4,C
8.5,90.7,87.6,C
21.2,92.5,100,C
22.2,62.8,91.7,C
2.1,72.9,46.2,C
8.5,76,83.6,C
4.5,80.6,54.9,C
10.4,80.2,67.6,C
14.4,81.7,86.6,C
4.9,86.5,44,C
8.5,89.2,71.4,C
8,91.9,87.5,C
16.5,79.7,100,C
15.5,75.6,97.6,C
9.9,98.5,75.4,C
16.2,99.6,84.1,C
11.2,71.3,83.3,C
13.1,83.1,92.9,C
26.7,100,100,C
24.4,85.4,100,C
5.9,68.2,63.3,C
20.8,74.3,96.1,C
20.7,82.4,94.3,C
7,76.2,73.8,C
20.7,92.1,96.9,C
25.8,86.8,100,C
7.1,87.5,57.7,C
8.6,70.9,70.3,C
22.1,71.9,100,C
16.9,81.2,86.7,C
18.9,80.3,96.8,C
17.4,88.7,100,C
17.7,87.5,100,C
5.7,93.2,72.2,C
22.3,86.5,99.8,C
23.2,84.9,100,C
13.4,83.4,87.2,C
14.7,84,84.7,C
4.3,86.8,56.1,C
18.6,92,96.9,C
19,93.3,100,C
14.6,88.4,87.8,C
22.9,78.6,100,C
12.7,75.1,79.5,C
19,77.2,99.5,C
7.9,86.9,79.6,C
14.8,93.6,94.9,C
13.8,63.9,73.8,C
16.6,69.1,88.1,C
12.4,100,67.6,C
14.1,84.1,100,C
20.8,86.9,100,C
11.9,71.1,84.7,C
3.8,76.6,67.7,C
27.2,81,100,C
24.7,74.3,99.6,C
6,68.7,53.9,C
19.8,93.4,98.4,C
11.5,85,81.2,C
16.8,80.1,99.7,C
17.1,93,100,C
13.4,93,89.9,C
9.5,100,87,C
10.2,84.9,73.1,C
8.6,75.9,61.1,C
9.2,80.9,69.2,C
14.5,99.8,83.2,C
10,77.8,68.4,C
19.8,80.1,100,C
25.4,96.4,100,C
10.9,83.7,62.6,C
16.7,100,67.9,C
18.5,98.6,97.5,C
18.3,90.5,90.6,C
15.5,92.4,72,C
20.2,80.5,100,C
18.4,80.8,100,C
6.3,98.5,77.2,C
21.1,93.9,100,C
21.2,96.2,100,C
9.7,88.6,73.5,C
15.3,84.5,85,C
19.8,78.6,75.2,C
13.5,91.2,64,C
22.5,73.5,100,C
31.5,95.8,100,C
9.5,84.5,81.5,C
5.3,93.9,60.9,C
17.1,95.6,76.5,C
20.1,80,87.3,C
13.4,87.9,74,C
25.2,87.3,100,C
5.6,76.4,74.9,C
19.9,99.9,96.9,C
10.8,90.2,88.5,C
27,78.4,100,C
28.9,85.8,100,C
9.6,76.1,82,C
11.2,100,81.2,C
21,89.9,100,C
12.3,86.3,95,C
14.7,78.3,87.5,C
15.2,100,95,C
1.6,85.8,61.9,C
14.9,96.8,78.3,C
10.2,87.3,73.3,C
11.5,90.3,94.1,C
25.1,82.7,100,C
6.2,83,72.9,C
20.7,90.4,100,C
13,69.2,97.9,C
13,79.6,85.8,C
20.5,83.9,100,C
17.4,100,98,C
19,86.3,100,C
21.8,100,93.7,C
12.7,67.7,81.1,C
10.7,75.9,76.6,C
7.4,92.1,61.7,C
9.2,71.3,69.9,C
35.6,81.4,100,C
23.7,88.3,100,C
5.5,78.4,71.4,C
5.7,83.9,58.7,C
18.4,75.5,100,C
18.8,96.3,100,C
18.8,80.6,81.5,C
13.2,69.9,99.8,C
14.1,77,70.3,C
17.3,66.1,88.4,C
15.6,71.7,100,C
0,85.5,34.4,C
13.4,86.9,81.7,C
9,80.4,66.9,C
16.2,90.3,100,C
35.9,98.7,100,C
17.6,89.8,92.9,C
12.8,80,83.7,C
21.5,87.6,100,C
18.4,84.1,99,C
17.9,92.1,100,C
19.2,88.9,82.7,C
29.4,79.5,100,C
7.1,75,74.5,C
18.3,88.8,98.3,C
8.5,94.5,76,C
18.9,99.1,87.2,C
8.6,83.8,71,C
12.1,88.9,84.1,C
12.9,98.4,93.2,C
21.8,94,100,C
21.4,81.6,100,C
6.3,88.8,63.7,C
15.4,85.1,85.6,C
10,79.9,79.9,C
6.2,80.7,59.4,C
13.5,85.7,83.2,C
12.8,79.3,90.3,C
32,81,100,C
18,95.7,89.6,C
5.4,69.2,49.3,C
11,85.4,86.4,C
22.1,83.8,100,C
29.6,74.9,100,C
3.9,86.9,66.1,C
1.8,79.9,36,C
28.1,95,100,C
17.7,87.7,100,C
8.9,90.7,74.3,C
18.7,69.2,98.5,C
0,72.4,48.9,C
15,100,98,C
17.3,89.7,95.4,C
21.5,78.6,100,C
7.9,100,65.7,C
15.6,84.8,98.1,C
8.5,80.7,87.8,C
16.8,80.3,82.1,C
8.7,70.9,59.2,C
12.1,90.8,99.2,C
8,94.6,55.2,C
19.6,97.1,92.1,C
21,76.7,89.2,C
13.4,85.3,76.8,C
15.3,79,100,C
4.9,85,71.1,C
12.9,79.7,92.4,C
14.6,70.9,76.7,C
33.3,100,100,C
7.2,85.6,72.6,C
25.2,91.6,100,C
22,100,91,C
17,86.5,90.2,C
27.3,100,100,C
17.6,91.5,100,C
17.7,61.1,100,C
14.6,80,79.5,C
23.6,67.2,100,C
22.7,80.6,100,C
10.6,73.9,53.1,C
5.8,94.8,52.5,C
13.6,84.5,73.7,C
9.4,76.8,81.5,C
14.6,95.4,94.6,C
23.7,82.4,100,C
11.8,89,75.4,C
14.7,73.5,100,C
15.4,81.3,89.3,C
20.9,92.4,100,C
0,100,61.6,C
10.8,85.5,82.2,C
16.5,90,97.3,C
23.4,100,100,C
11.6,66.9,78.6,C
1.9,83.8,56,C
19.3,90.6,95.2,C
10.6,79.6,88.4,C
6.7,78.6,55.3,C
10.6,65.5,67.7,C
13.7,97.7,68.7,C
10.8,68.1,68.5,C
0,89.4,43.8,C
21.3,88,100,C
23.9,76.3,98.1,C
19.6,78,88.6,C
7,93.7,83.7,C
13.6,87.3,94.6,C
15,81.5,65,C
19.2,80.8,84.3,C
19.7,76.7,98.4,C
9.9,92.5,66.5,C
15.6,94.3,73.6,C
18.2,87.8,100,C
25.2,93.1,100,C
19.9,81.8,76.5,C
20.5,88.2,97.6,C
15.6,75.9,86.9,C
24.9,85,100,C
17.9,98.2,90.3,C
9,83.5,71,C
24.8,87,100,C
19.9,84.4,88,C
11.9,94.1,73,C
11.6,84,81.2,C
17.1,75.5,89.9,C
18.2,83.1,99.2,C
16.4,95.7,81.8,C
17.2,83.8,100,C
26.9,85.7,100,C
22.5,76.4,100,C
16.3,66,87.7,C
21.6,95.2,100,C
7.8,75.3,74.9,C
17.8,95.7,84.8,C
27.7,85.9,100,C
13.5,78.7,88.6,C
9.1,75.4,59.1,C
10.4,100,78.5,C
7.4,88.3,64.9,C
9.5,91.5,82.8,C
12.4,93.1,61.1,C
5.2,80.4,64.3,C
15.1,82.7,92.1,C
21.3,88.5,100,C
8.6,72.2,71.3,C
25.6,61.8,100,C
18.6,88.9,92.3,C
22.2,89.4,100,C
10.4,98.8,64.5,C
21,97,94.7,C
7.4,83.3,47.3,C
21.2,90.7,98.6,C
16.2,68.1,78.6,C
18.9,69.1,100,C
6.8,92,73.3,C
8.7,86.5,66.7,C
19.2,100,100,C
8.4,95.4,73,C
18.2,100,92.9,C
5.4,83.9,56.5,C
20.9,89.8,94.3,C
6.4,86.5,50.1,C
18.9,92.1,100,C
19.4,89.5,98.9,C
10.1,78.6,82.1,C
19.1,70.4,93.1,C
16.8,92.1,78,C
11.2,85,83.3,C
7.9,86.8,62.8,C
1.3,100,69,C
17.4,93.5,90.5,C
4,82.4,73.6,C
15.7,85.8,92.5,C
13.2,98.1,85.3,C
19.8,88.6,100,C
12.9,93,74.7,C
12.7,75,90.1,C
20.1,80.8,100,C
17.3,81.7,89.9,C
17.2,91.4,99.2,C
18.3,98.4,88.1,C
4.3,92.9,79.4,C
20.3,92.2,100,C
19.3,88.9,74.6,C
7.9,100,76.9,C
13.3,91.2,73.1,C
14.7,81.6,81.2,C
14.1,83,99.9,C
17.3,77.8,100,C
25,80.7,100,C
22.6,77.5,100,C
5.8,75.5,63.4,C
19.4,89.2,100,C
24.3,92.5,100,C
17.7,73.8,96.4,C
22.6,82.7,95,C
29.1,74.5,100,C
22.2,95.2,100,C
16.7,77.9,100,C
22.3,70.2,100,C
16,93.5,97.8,C
15.2,94.6,82.7,C
12.5,69.1,66.6,C
25.9,78.8,100,C
9.3,100,84.1,C
25.7,71.3,100,C
18.5,71.3,93.7,C
5.2,74.5,72.7,C
17.6,72.8,100,C
0.3,90.7,50,C
19.4,94.7,100,C
21.2,71.4,100,C
10.9,99.7,90,C
15.9,70,83,C
28.7,87.1,100,C
11.5,91.7,74.2,C
7.6,100,67.9,C
25.4,100,100,C
28.7,78,100,C
15,90.9,81.8,C
22.1,81.3,99.7,C
24.4,100,100,C
9.8,72.6,80,C
11.6,80,56.7,C
23.6,72.3,100,C
26.8,80.9,100,C
18.9,78.2,100,C
8.8,71.4,81,C
28.9,87.2,100,C
11.3,84.9,72.1,C
12.7,97.7,82.1,C
17.4,100,96.4,C
25.9,85.2,100,C
21,74.6,100,C
17.9,87.6,100,C
18.2,77.8,95,C
15.3,79.2,81.9,C
18.9,71.3,71.2,C
0,83.4,55.4,C
12.9,79.2,75.4,C
16.7,78.3,83.2,C
6.9,85.3,64.5,C
17.7,99.5,96.1,C
13.6,69.5,99.8,C
27.3,100,100,C
26,78.2,99.2,C
11.7,94.8,91.2,C
13.9,77,78.1,C
14.5,97.1,86.3,C
11.8,74.1,69.8,C
16.4,90.3,97.5,C
9.7,78.6,89,C
7.1,100,66.1,C
19.4,86.9,100,C
19.4,80.6,94.1,C
9.4,98.6,85.3,C
21.3,100,96.2,C
10.6,88.6,79.1,C
16.8,88.3,84.7,C
20.7,86.5,100,C
14.8,84,87,C
18.2,94.9,89.5,C
11.4,97.7,88,C
13.6,74.7,98.2,C
13.6,72.7,86,C
9.8,76.3,79.7,C
13.8,97.5,73.3,C
4.2,97.1,62.8,C
11.6,80,76.9,C
13,81.8,91,C
13.2,69.4,85.3,C
13.3,83.2,89.2,C
14.6,92.3,95.8,C
18.4,96.3,99.2,C
21.1,73.7,92.2,C
10.5,80.1,68.9,C
6.6,76.8,89.3,C
7.7,94.9,65.7,C
11.6,82,72.2,C
12.5,90.6,81.6,C
9.6,83.6,75.6,C
5.9,99.1,61.6,C
11.8,83.9,87.4,C
16.3,83.7,99,C
19.2,88.4,100,C
11.1,86.7,74,C
12.1,78.7,92.7,C
8.5,96.2,70,C
14.8,76.3,68.7,C
9.1,82.4,66.2,C
19,79.7,99.3,C
2.5,73.6,57,C
12.5,74.8,84.5,C
17.1,95.1,83.3,C
16.3,93.2,86.7,C
33.9,72.7,100,C
17.4,77.4,90.4,C
8,80,58.2,C
14.3,87.4,86.5,C
2.6,89.2,54.6,C
14.4,81.1,100,C
9.2,82.4,75.4,C
21.4,79.1,92.4,C
11.2,72.8,80.8,C
14.2,82,86.4,C
10.6,70.4,82.4,C
27.2,67.2,100,C
12.8,83.9,72.2,C
27.8,72.7,100,C
20.7,77.3,100,C
18.4,81.4,96.7,C
17.6,78.1,86.2,C
17.8,97.9,98.2,C
1.5,98.3,43.2,C
13,66,84.4,C
20.9,85.7,84.6,C
14.7,97.1,97,C
5.2,83.7,65.1,C
14.6,69.8,86.1,C
26.9,68.8,100,C
23.7,80.8,100,C
14.6,100,67,C
21.7,84.5,93.7,C
12.4,76.9,77.6,C
3.1,90.1,44.8,C
8.5,98,63.7,C
25.9,74,100,C
13.1,87,80.1,C
13.3,96.1,88.8,C
12.9,81.4,93,C
28.3,73.9,100,C
26.4,63.1,100,C
30.5,83.3,100,C
13.9,86.7,82.6,C
17.1,80.1,100,C
4.4,89.9,61.4,C
25.3,82.6,100,C
6.8,100,64.5,C
16.5,85.7,100,C
7.3,93.4,61.4,C
10.9,95.3,91.4,C
9.1,79.2,73.1,C
10.7,73.4,89.3,C
11.2,100,60.6,C
11.2,65.4,84.3,C
20.8,76.7,98.6,C
7.3,88,71.6,C
16.5,96.1,73.2,C
23.5,91.9,100,C
11.4,76.5,86.6,C
10,90.1,64.5,C
13.4,71.6,71.9,C
23.3,72.5,93.5,C
16.4,78.4,83.5,C
11.3,74,79.8,C
18.4,88.8,95.5,C
7.3,86.8,47.7,C
19.8,79.9,100,C
17.9,88.5,85.5,C
12.8,96.3,82.9,C
9.1,75.6,71.7,C
8.8,78.5,60.3,C
18.7,79.5,91.3,C
23.6,91.9,100,C
10.5,100,76.7,C
18.2,93.5,89.4,C
0.4,82.7,50.8,C
10.9,83.5,83.8,C
14.8,83.7,73.8,C
8.6,66.2,60.8,C
8.4,80.4,73.8,C
10.3,80.2,74.8,C
17,71.6,73.5,C
13.7,100,90.7,C
0,73.6,51.1,C
0.2,85.5,66,C
10.8,87.4,74.6,C
18.2,81.8,96,C
0,91.1,68,C
11.5,75.7,86.1,C
11.3,74.9,78.1,C
24.7,88.8,100,C
12.3,84.3,87.4,C
17.7,74,74.1,C
16,91.8,90.3,C
0.1,75.7,52.1,C
20.4,100,100,C
16.5,68.7,88.5,C
18.6,83.9,98.7,C
40,75.7,100,C
0.4,98.6,51.7,C
27.1,82.2,100,C
13,97.8,64.6,C
17,69.1,82.3,C
14.7,97.7,69.4,C
12,99.3,71.2,C
11,77.6,76.2,C
17.3,93.5,100,C
4.4,81.6,45.8,C
20.3,97,100,C
12.1,75.6,71.7,C
7.1,85.1,75.7,C
11.8,78.3,84.3,C
23.8,83.7,100,C
11.3,92.9,86.3,C
17.5,84.3,100,C
9.9,97.2,86.9,C
20.3,81.9,94.3,C
19.8,88,100,C
27.9,87.7,100,C
13.8,75.9,76.6,C
19.7,100,97.5,C
15.7,100,87.7,C
24.1,86.9,98.4,C
10,87.8,79.9,C
20.2,100,97.1,C
13.6,83.2,79.8,C
14.6,90.3,73.4,C
15.6,86,88.3,C
16.8,70.8,85.2,C
14.2,87.8,75.7,C
16.5,85,95.6,C
26,75.8,100,C
21.9,85.6,100,C
21.1,65.3,100,C
11.8,95.6,67.6,C
8.8,80.5,61.6,C
21.7,100,95.1,C
21.1,93.2,100,C
25.3,94.3,100,C
10.8,86.4,85.3,C
13.4,87.6,100,C
3.5,75.4,65.4,C
12.3,77.3,78.8,C
22,81.7,100,C
11.7,82.1,68.9,C
19.5,95.7,86.3,C
13.7,86.5,97.8,C
17.3,65.5,96.7,C
7,77,33.8,C
15.6,94.4,81.5,C
0,74.3,66.1,C
13.7,78,71.9,C
3.6,83.3,73,C
23.4,93.5,93.4,C
20.4,82,100,C
18.3,81.6,90.9,C
25.6,69.3,100,C
8.4,75,73.5,C
27.2,92.7,100,C
21.5,87.1,100,C
13.3,89.4,90.6,C
22.9,67.6,100,C
7.3,85.2,71.5,C
9.2,84.5,81.1,C
10.7,82.2,80.5,C
11.3,72.3,78.7,C
7.6,79.6,74,C
23.6,100,100,C
13.2,92,87.1,C
17.5,77.5,91.4,C
11,84,76,C
2.3,63.1,67.5,C
16.9,80.5,100,C
1.6,80.9,57.9,C
14.5,100,92.4,C
5.4,74.6,63.9,C
28.9,96.4,100,C
21.4,86.4,96.6,C
15.7,71.8,100,C
23.8,96.3,100,C
9.1,82.7,94.6,C
18.8,90.8,96.8,C
16.4,100,96.6,C
16.8,76.8,79.9,C
23.9,93.8,100,C
20.1,77.1,100,C
17,88.1,86.5,C
3.4,86.8,61.2,C
8.3,85.6,67.9,C
14.1,79.7,74.5,C
15.7,91,90.1,C
7.1,83.3,77.5,C
31.9,100,100,C
25.6,90.1,100,C
19.2,81.7,84.6,C
15.5,85.7,88.5,C
13.5,82.7,93.6,C
8.3,89,71,C
15.5,98.2,93.2,C
16.8,86.5,90.2,C
6.3,88.8,68.5,C
17.3,73.9,83,C
13.9,74.7,84.3,C
