attendance_percentage,total_score
95.6,97.9
80,83.9
86.3,100
70.2,100
81.9,92
65.1,97.5
81.8,100
100,96.1
100,69.8
67.6,80.3
82.3,66.4
75.9,72.5
77.9,95.2
92.1,60.9
90.7,52.1
87.4,73.5
85.9,63
74,100
100,75.4
91.4,57.9
89.3,100
93.5,79
100,76.3
74.2,58.7
96.1,68.3
81.1,97.2
73.6,68.4
83.9,100
86.2,63.6
75,89.2
76.6,77.4
89.2,100
68.4,82.6
93,71.9
85.2,97.4
86.4,61.6
86.8,99.5
92.9,50.1
93.4,56.7
76.5,84
85.6,100
84.2,100
76.5,63.6
78.7,100
100,55.9
83.4,89.6
89.5,78.7
85.9,90.3
79.9,71
77.5,51.1
93.8,82.7
84.6,91
90.3,92.7
77.7,100
80.2,100
84.1,100
81.4,76.9
83.7,91.9
99,89.5
94.7,100
80.9,71.2
89.6,81.9
68.3,67.1
85.3,69.9
85.8,96.5
82,100
73.7,80.4
85,92.2
83.1,83.6
91.8,78.8
82.9,93.2
82.6,100
70.6,84.5
88.5,100
86.4,47.4
81.6,97.5
90.1,90.8
80.4,87.7
100,91.7
81.4,54.6
69.7,81
64.4,79.5
85,100
83.4,62.3
69.7,64.9
84.1,93.3
100,100
64.7,98.4
80.9,69.2
80.6,93.9
74.6,100
92.7,100
78.4,79.7
95.9,86.6
70.9,72
79.9,73.6
76.7,67.3
95.7,73.1
80.7,100
91.1,63.9
62.6,72.9
94.3,73.4
73.3,68.1
72.5,86.1
91.9,83
74.7,77.7
97.9,100
100,93.6
81.5,100
82.3,100
97,43.5
75.1,93.8
96.3,78.9
84.4,100
93.3,84.2
77.8,100
97.8,100
70.7,73.2
99.6,100
96.1,95.4
79.3,92.1
88.4,76.7
80,100
87.7,74.1
79.9,74.2
75.7,100
88.9,74
87,72.6
84.9,74.8
83.8,54.7
92.4,50.6
80.1,86.8
77.9,92.6
97.3,97.3
80.4,70.6
77.7,100
79.3,81.9
78.3,78.7
100,100
84.1,54.8
70.8,95
86.1,100
71.7,58.2
100,87.9
100,86.2
94.3,86.1
89.3,58.9
69.8,62.3
92.8,100
82.5,83.5
74.8,90.2
70,94.4
88.5,85.4
81.2,100
76.4,100
90.3,92.4
100,100
97,79.6
89.3,54.8
78.5,93.2
93.6,72
96.7,95.8
93.9,100
97,75.8
74,97.4
78.1,100
77.4,100
87.7,100
83.4,72.2
80.5,72.9
95,63.2
88.5,66.2
79.3,75.6
93.7,100
84,75.5
82,89.5
63.3,89.2
88,100
79.1,92.9
100,100
94.8,100
97.2,84.7
85.6,80.1
100,100
100,75.9
84.5,100
89.6,96.5
81.9,97.2
85.6,58.2
86.9,52.2
92.4,70.1
79.3,100
100,89
75.7,44.1
81.8,80.5
89,92.5
93.2,65.4
82.7,93.9
68.2,99.8
78.7,53.2
96.8,85.9
82.4,100
80.2,100
77.5,99.4
78.4,63
87.1,70.2
98.2,90.5
93.9,83.7
89,98.1
68.1,100
88,95.5
79.5,100
98.3,100
82.6,90.2
89.1,87.9
81.4,100
82.6,83
80.9,97.4
71.3,70.6
85.3,83.7
95.1,100
78.8,46.4
83,100
100,63.1
90.1,87.4
73.5,100
97.2,65.7
76.3,54.2
65.7,69.5
84.4,100
94.1,79
99.4,100
76.5,81.5
95.9,85.8
81.2,100
83.3,100
91,53
70.2,96
85.9,81.2
96.9,100
81.8,55
87.3,81.5
86.9,72.7
88.6,100
96.5,55.6
77.4,91.1
89.4,80
79.9,71.4
97.6,100
78.1,89.5
83.9,74.7
88.4,100
90.6,100
90.5,94.1
83.1,38.9
81.8,69.5
68.3,100
85,60.4
74.1,98.1
85.1,100
78.2,77.7
66.7,81.2
100,57.8
76.7,63.8
74,69.4
89.9,68.7
74,100
83.2,57.2
75.7,69.3
79.9,83.5
83.8,100
91.8,69.7
96.6,100
72.9,90.1
81.6,78.1
72.6,100
82.9,76.2
77.5,69.6
74.9,77.6
74.2,82.4
74.8,89.1
88.3,100
100,100
76.6,43.9
81.2,100
82.9,54.5
88.5,62.1
80.3,100
92.4,85.6
83.8,80.8
92.2,92.4
89.6,71.6
88.2,74.5
76.2,87.5
92,89.9
90,80.4
100,94.9
77.6,92.6
84.6,95.8
93.6,100
89.2,62.9
90.4,81.1
70.6,100
91.1,100
97.7,87.6
73.4,88.1
86.1,100
80.5,77.1
87.2,80
97.7,100
73.9,90.6
85.4,95.9
84.2,99.6
88.8,100
80.4,100
100,82.2
73.4,100
97.7,79.8
85.2,94.6
73.8,84.1
85.1,85.3
74.7,87.2
70.9,80.3
100,100
90.2,71.6
86,75.5
81.6,98.6
93.7,100
87.7,100
80.3,97.9
100,90.5
87.3,41.3
75.8,93.3
78.2,81.3
88.8,100
98.7,97.8
88.3,56.7
94.1,81.2
78.4,99.9
88.1,94.6
83.7,72.9
74.9,80.6
94.9,97
78.1,89.4
97.9,79.7
100,100
91,59
79.5,56.9
72,79.9
80,91.5
85.4,100
85.3,100
73.6,87.3
65.4,87.4
87.1,88.3
94.8,68.8
90.4,94.7
92.5,76.4
90.4,100
82.3,72.1
100,83.7
65.4,100
88.1,85.1
82.1,89.5
80,95.4
97.8,82.5
89.5,77.5
99.6,89.9
91.3,93.3
94.4,80
88.4,96.4
97.3,95
100,100
97.8,100
99.7,100
89.8,82.4
80.3,92.2
94.9,100
64.4,100
81.7,60.4
68.2,76.5
87,88.7
100,33.8
76.4,67.3
96.9,87.6
76,92.1
76.8,85.4
77.2,100
85.5,100
70.7,97.6
84.9,54.1
92.8,85.8
88,63.1
80.3,100
90.6,100
92.7,89.6
86.6,58.6
85.5,100
100,81.5
87.9,100
85.8,67.2
88.7,67.8
91.7,87.4
82.9,90.2
73.2,64.9
67.1,88.6
87.5,81.3
76.5,88.5
90,85.6
87.8,91.5
83.3,100
83.1,66.4
77.5,54.3
70.1,100
91.6,89.6
94.2,89.2
79.2,100
90.1,96.3
66.9,100
98.2,90.5
91.3,100
83,100
75.8,71.4
100,89.8
91,81.8
93.6,100
85.1,74.1
100,100
82.9,96.4
88,47
90.2,46.4
89,54.4
93.6,76
80.1,97.8
95.1,100
91.8,92.8
90.4,100
97,78.9
78.2,74
81,75.3
90.2,88.4
95.8,81
89.4,45.8
97.7,80.3
89.5,69.6
81,98.2
84,100
95.8,89.5
95.8,66.9
61.6,80.3
92.6,67.3
80.6,100
99.4,78.7
94.1,86.2
92.8,71.9
88.3,49.3
83.4,93.4
89.2,55
76.4,79.6
99.9,51.9
70.1,100
100,94
100,96.2
78.7,77.5
81.9,85.2
96.6,99.2
72.7,92.8
89.4,100
97.7,72.3
96.7,65.7
82.8,66
97.2,60
88.1,63.6
98.7,100
77.8,100
79,82.1
94.1,83.4
98.3,97.2
77.7,100
89.4,100
80.7,80.2
78,78.5
88.3,67.7
84.5,75.5
79.7,74
74.5,68.5
52.5,66.9
84.7,87.8
72.8,100
82.5,100
96.7,88.1
78.1,100
70.6,100
90.3,85.5
88.9,100
83.2,100
81.4,72.8
87,100
87.4,63.5
74.2,72.7
99.4,100
78.6,100
67.6,69.7
82.7,95.4
73.6,56.8
98.6,75.2
83.9,72.6
92.6,64.6
94.6,72.6
87.1,80.7
100,89.4
91.1,91.1
85.4,92.8
88.3,63.2
76.1,80.9
75.4,94.3
93.7,92.6
85.4,65.8
94.4,96.1
98.4,100
90.4,66.1
98.8,90.7
60.2,63.3
85.9,100
85.1,63.5
77.1,79.1
86.1,63.9
76.4,88.2
91,79.1
83.1,70.6
77.4,99.3
90.9,55.1
100,81.3
81.6,43
83.7,89
88.2,78.5
82.4,77.6
86.8,92
74,100
73.6,73.2
81.3,96.5
81.6,62.1
87.9,86.1
90.6,100
75.7,37.8
84.1,65.3
80.5,79.8
94.1,100
74.9,89.2
94.3,79.8
90.9,100
86.3,87
82.3,98.9
78.2,98.6
75.7,100
100,86.5
89.1,76.3
80.6,82.8
73.9,100
67.1,100
79.1,100
94.1,100
79.6,72.2
76.7,87.8
84.8,100
80.1,100
94,63.1
68,61.8
97.1,58.9
88.3,76.3
100,100
76,100
76.1,99.4
79.3,89
77.4,83.8
82.6,61.9
75.8,80.1
100,95.8
75.5,58.1
93,100
92.8,86
75.1,86.8
89.4,100
100,100
74.3,99.9
79,84.2
89.6,80.9
80.8,72
80.6,100
85.2,65.3
81.6,93.7
77.2,67.8
79.1,91.3
98.2,84.9
91.5,99.3
87,67.3
63.1,99.9
84.5,74.1
65.9,100
93.8,91.4
69.7,89.6
81.2,76.3
99.7,100
80.9,100
80.6,100
97.7,100
83.5,77.4
78.5,52.3
94,51.9
80.4,100
75.5,100
72.6,74.7
93.8,99.1
100,70.6
78.9,100
90.2,97.6
92.5,96.7
79,100
100,98.9
91.6,93.2
79.8,73.6
89,89.7
78.6,100
92.7,100
77.9,100
90.2,91.1
77.5,71.1
85,69.3
82.3,80.9
89.6,100
86.8,66.2
94.9,100
80,89.4
92.4,78.3
71.9,67.3
77.7,69.2
87.1,100
100,89.9
91.7,49.8
74.6,82.7
100,82.1
100,100
85.6,94.7
73.1,65.7
70.8,74
90.4,83.8
80.5,44.5
91.4,90
91.3,86.9
94.1,93.6
74.4,100
89.2,100
75.2,75.9
100,78.6
85.3,100
76.3,97.4
77.8,94.8
89,93.2
86.7,92.2
85.6,75.2
84.3,73.4
79.6,81
89.5,98.8
93.5,86.1
75.6,84.2
93.5,78.1
100,84.4
81.7,100
86.4,34.5
83.7,100
84.7,97.7
82,51.8
77.7,81.9
90,87.5
88.4,70.5
78,76.2
81.4,74.6
88.2,100
81.2,100
74.2,100
82.8,100
91.7,83.2
90.3,94.8
90.2,100
69.1,51.6
84.5,100
57.2,95.1
78.5,76.5
84.6,100
75.7,100
64,68.5
80.8,100
100,66.7
97,96.8
84.3,100
94,100
75.5,100
82.5,70.2
71.9,100
100,71.1
100,75.4
78.9,96.1
94.6,87
81,62.9
68.5,71.4
100,100
62.4,75.6
89.8,100
91.7,50.5
74.4,100
88.5,77.2
93.9,93.7
89.9,61.4
82.3,98.9
91.2,89.5
79.3,100
100,100
100,97.3
82.9,78.4
81.4,81.8
99.6,87.4
91.5,46.6
68.4,71.2
95.3,100
71.3,86.1
69.9,99.6
92.9,100
64.5,83.7
98.2,81
96,80.7
91.7,80.7
93.2,81.6
80.8,80.8
88.7,48.3
91.4,99.5
88.2,98.8
95.6,74.4
86.5,100
60,100
94.4,93.4
70.4,67
71.4,92.3
70.8,82.2
80.8,77.4
88.3,97.9
75,84
64.5,85.2
85.6,76.2
100,70.9
87.8,62.5
82.2,77.6
64.4,76
93.4,84.5
77.3,100
79.1,83
78.4,100
80.7,94.7
69.5,91.8
96.7,62
81.7,100
92.9,72.6
80.6,98.1
100,100
88,97.8
89.2,100
63.8,67.8
86.9,85
82,100
76.3,77.6
73.8,100
78.6,100
83.8,78.9
81.4,100
88.7,88.1
78.6,85.6
92.1,74.8
95.3,70.7
91.1,71.3
86.2,100
83.8,100
93.9,86.9
91.7,80.2
84.4,98.3
80.6,100
89,79.8
84.4,100
88.2,100
78.9,93.4
75,88.4
91.5,58
69.9,100
95.8,93.5
90.6,95.4
94.1,74.6
97.7,73.7
86.4,100
82.6,97.2
73.6,80.1
81.7,90.1
72.5,100
73.2,89.3
74.1,80.6
93,100
83.6,68.5
86.6,75.6
77.6,100
72.1,97.5
79.2,84.5
100,93.9
90.1,74.1
95.7,77.1
85.8,74.8
84.2,100
85.6,96.1
57.4,100
93.4,51.4
64,80.3
81.8,100
65.4,88.4
91.4,100
79.3,75.3
97.8,100
86.7,100
92.7,75.1
78.9,75.5
68,100
92.7,100
81.2,62.2
98.9,71.6
64.2,97.3
76,60.5
59.9,65.2
79.4,71.7
89.3,77.6
83.7,100
88.9,100
86.2,100
68.7,100
87.9,100
94,77.3
79.6,68.3
85.9,90.1
75,64.4
100,92.2
67.9,70.5
77.4,100
85.8,80.5
90.5,100
77.8,80
79.8,76.3
89.2,86.8
69.4,90.2
91,71.2
100,94.4
88.9,100
100,89.9
79.4,62
96.1,77
90,88.8
77.9,100
83.3,90.8
82,55.3
75.6,100
95.7,100
75.4,65.7
100,86.3
79.6,87.1
87.5,96
76,100
92.6,100
77.4,90.2
100,95.8
96.7,58.9
97.1,61.4
88.1,65
86.1,100
95.3,58.1
94.2,99.1
75.6,96.2
84.4,100
81.8,100
89.6,63.2
96.5,65.5
85.6,100
87.6,90.1
96.3,100
70,85
73.1,100
97.6,88.6
79.9,90.3
92.7,100
78.7,100
93.6,100
84.2,100
76.6,92.6
96.5,94.2
89.4,70.1
79.2,90.2
87.4,100
71.1,76.5
78.6,100
72.3,73.3
87.1,86.1
72.9,100
73.1,77.9
87,97.9
79.6,79.2
100,100
78.9,82.8
81.8,100
77,90.3
81.7,100
83.5,89.6
73.8,100
78.7,89.4
75.6,100
87.4,96.3
84.3,79.3
69.5,85.6
90.4,80.4
80.7,100
90,66.2
76.5,87.9
92.1,69.3
89.3,98.9
80.2,65.2
93.1,77.1
69.1,88.5
88,100
85.7,85.1
60.5,86.6
91.5,100
67.1,54.9
86.7,51.7
87.1,91.9
93,72.2
87.5,59.6
68.2,100
98.6,97.6
80.3,92.1
90.4,53.3
76.8,100
70.4,100
99.1,80
87.7,100
88.7,73.3
97,64.4
80.3,71.1
83.8,90.8
83.1,77.4
91.7,87.1
78.2,88.1
70,62.4
92.8,100
82.7,87.6
68.9,100
97.6,98.9
91,99.1
70,88.2
91.5,94.7
70.3,100
95.4,100
90.9,80.7
80.8,100
96.9,95.9
80.3,100
81.8,44.7
87.4,100
75.3,91.3
82.1,59.9
91.3,100
94.7,82.3
87.2,85.5
75.6,67.9
79.5,62.4
77.2,60.3
67.7,74.4
95.6,35.8
68.8,58.1
100,95.8
78.1,98.3
69.7,100
75.1,63.8
95.3,95.2
86.3,92.5
85,68.2
88.4,100
86.6,100
80.5,91.6
77.9,81.7
50,98.9
97.8,61.8
92.4,81.7
77.6,76.8
94,66.2
72.5,78.1
92.9,100
70.2,91.7
76,80.7
86.8,77.2
70.7,100
96.1,96.3
93.3,90.3
91.3,77.5
87.4,100
93.2,95.1
83.7,100
70.4,97.6
72.9,100
89.8,84.2
97.8,100
92.7,94.5
67.6,100
88.6,71.7
83.8,100
99.6,100
79.5,66.1
88.9,64.1
94.2,71.2
73.6,100
68.3,84.7
70.8,96.1
58.4,86.1
80.3,100
93.7,100
82.9,96.4
93.7,100
77.8,100
78.3,98.3
65.5,63.5
85.6,74.7
85.1,61.4
100,93.1
86,100
75.9,81.2
70,100
89.1,74.2
96.1,65.2
86.3,71.2
88.3,100
82.3,100
77.2,79.4
83.5,100
94.2,100
95,87.7
78,100
96.3,100
89.6,54.5
82.1,100
84.9,100
79.9,77.3
88.9,96.8
79.7,98.7
100,91.5
79.4,85.2
74.9,70.7
87.7,65.2
94.7,100
82.1,100
85.4,80.2
83.7,90
83.7,58.7
77.5,100
75.9,50.2
79.1,95.7
73.1,75.7
76.5,68.9
86.6,100
84.9,74.5
74.3,76.8
77.4,93.2
100,90.7
86.2,85.1
81.1,71.5
94.7,91.5
86.2,81
82.3,53.6
71.2,79.1
88.1,100
87.2,99.2
67.5,90.5
77.1,74.6
90.6,78.1
62.3,100
97.5,93
78.2,96.6
78.7,100
95.4,93.1
76.1,89.9
80.6,65.8
83.3,99.4
94.9,99.4
88.8,86.3
64.1,86.1
100,93.9
69.9,82.3
91.3,86.4
95.3,50.4
100,100
68.2,100
77.3,100
84.2,60.7
76.6,100
85.9,78.9
74.6,100
87.2,73.3
85.3,83.2
100,71.2
92.6,88.7
95.9,100
88.6,91.6
80.4,97.3
90.5,100
80.2,100
75.1,98.2
89.7,77.7
100,100
91,84.5
99.3,88.4
90.7,100
100,100
97.4,100
98.5,95.5
87,58.2
91.1,98
82.7,78.1
76.6,100
80,89.7
81.9,98
76.8,100
85,93.7
97.4,100
84.8,100
63.2,62.8
79.3,100
83.5,100
100,100
78.2,60.3
77.6,100
83.4,100
88,79.3
72.8,100
88.2,66.3
89.2,88.4
78.1,76.2
88.2,92.3
73.5,73.9
76.9,49.4
77.9,100
78.6,70
82.3,66.4
80.9,53.6
74.2,76.2
100,62.4
81.4,100
82.3,100
99,82.1
100,100
85.9,95
90.9,68.2
81.8,49.9
75.3,100
84.1,68.6
85.3,43.9
85.9,100
100,100
83,100
73.6,95.4
76.3,100
82.6,96.9
64.2,82.4
63,89.8
84.6,83.8
82.9,69.9
80.8,82.4
82.7,79.3
84.6,69.3
68.9,98.7
81.5,81.5
86.5,56.9
90.9,90.4
72.3,100
100,100
83.4,64.1
83.5,92.4
99.4,100
70.6,72.4
81.3,86.6
90.2,100
74.7,62.4
78.3,89.9
76.5,72.8
90,82.4
92.3,100
78,47.6
74.9,100
89.1,75
85.3,91.3
91.9,99.5
85.5,100
65.4,89.8
88.3,69.1
86.1,98.7
88.2,99.9
93.1,87.3
94.5,100
85,88.5
92.5,85.1
76.8,64.1
69.4,100
76.2,52.7
64,81.4
82.2,69.5
71.8,100
88.2,73.7
71.5,97.6
68.5,86.5
100,87.5
82.7,82.7
82.2,100
95.7,62.5
66.8,94.1
69.8,100
79.5,82.7
81.3,78.3
89.7,75.7
72,99.9
87.3,83.5
71.2,100
82.5,100
93.1,76.7
64.8,48.5
77.9,78.9
66,100
94.7,83
88.1,98.8
89.2,100
92,66.1
78.4,100
74.4,100
91.8,82.3
71.8,87.4
82.3,71.1
84.7,67
68.3,73.1
94.4,68.1
89.1,86.5
66.3,79.1
85.1,79.2
87.9,50.5
93.4,100
90.3,100
74.2,60.3
61.9,99.5
97.3,96.5
73.7,54.7
81,100
80.3,77.7
72.3,75
100,75.5
66.1,91.5
73.5,97.3
71.4,93.9
85.2,64.3
86.4,72
85,65.5
88.9,78.4
58.9,65.2
89.7,71.3
91,100
98,100
62.9,91.9
86.9,79.2
100,82.1
86.4,100
94.6,98.5
92.7,100
90.5,93
76.4,81.2
77.8,71.3
88.4,79
82.8,91.8
81.1,95.8
80.9,100
78.1,77
90.1,68.5
86.1,58.7
94.2,95.5
93.6,66.1
86.4,51.7
86.2,94.8
100,100
100,81.2
78.6,100
76.5,97.4
100,72.3
77.1,98.7
89.4,75.1
76.6,87.3
87.9,88.1
85.1,68.9
91.2,100
81.3,74.1
93.5,80.1
60.6,85.7
81.6,65.8
79.2,84.8
83.5,93
70.8,100
73.8,95.3
69.4,93.3
87.1,91.6
100,100
75.2,100
100,83.4
84.1,59.8
80,76.7
81.2,86
96.3,69.5
83.4,98.7
92.8,89.6
86.3,95.3
81.3,81.8
80.5,100
74.7,86.5
81.8,40.6
85.2,68
89.7,88
91.1,77.6
85.1,100
78.9,100
96.4,100
77.4,97.1
68.5,100
85.2,83.9
63.7,95.1
98.2,82.3
88.6,91
93.8,70.1
87.2,94.2
89.6,97.5
73.7,88.7
89.6,100
62.7,100
91,100
83.3,55.4
75.1,43.6
80.4,87.5
84.4,57.2
88.2,94.3
79,62.2
97.4,47.4
100,100
75.6,80.3
70.3,72.9
76.9,60.7
84.6,88.6
91.4,82.9
82.9,61.4
86.5,80.3
78.7,74.3
83.8,98.8
82.4,80.6
71.8,40.1
100,100
83,100
95.5,78.5
75.9,63.9
78.6,89.9
94.5,64.2
77.9,81.9
92.7,100
80.8,65.2
90.2,54.6
72.9,100
83.6,66.2
95.6,85.9
78,95.6
89.4,76.8
89.7,100
87.9,94.4
91,98.7
72.7,100
64,61.6
91,100
87.8,94.1
71.3,100
88.4,100
85.9,82.9
83.7,63.3
84.6,93
83.2,68.4
75.4,100
79.7,100
83.4,63.5
100,91.8
99.2,53.1
99.3,53.4
88.8,95.6
96.5,80.9
56.1,56.7
76.8,87.5
84.2,100
90.9,100
84.2,100
64.4,52.9
96.4,67.4
74.8,100
84.8,76.7
87.9,60.9
91.8,100
88.8,99.5
82,100
76.2,100
89.7,76.2
81.2,100
86.5,89.4
67.8,90.4
89.7,100
81.2,91.9
74.1,100
90.8,100
79.7,74.9
78.7,46.7
72.6,66
90.6,50.3
93.1,100
76.8,55.8
90.5,84.8
69.1,88.4
83.6,96.4
79.2,100
78.9,94.8
97.9,77.5
90.3,79.2
76.4,93.1
83.3,100
91.1,100
91.5,70.5
81.6,95.8
87.7,97
89.9,100
70.5,88.2
79.7,80.6
90.4,93
68.1,50.3
92.5,84.8
81.6,100
82.8,92.5
79,86.2
74.2,84.5
92.5,93.9
69.9,88.9
70.7,100
79.9,100
85.9,44.8
93.5,100
84.8,92.2
83.5,100
78.6,100
86.1,93.4
73.6,66.5
73.8,83.1
78,66.8
92.4,89.2
79.3,94
75.8,100
93.2,90.5
100,63.5
81.3,93.4
84.8,87.3
76.6,89.9
88.1,86.6
71.9,88
93.9,63.3
80.8,98.9
81.4,87
79.7,78.6
87.3,78.2
84.9,84
100,88.7
91.1,92.6
68.4,100
77.8,79.3
87.7,92.6
100,100
75.6,54.4
99.9,56.1
73.1,54.7
89.7,100
91.4,100
91.6,100
96,78.5
86,75.6
89.2,100
85.5,100
81.1,100
96,100
74,100
84.3,95.2
80.5,100
81.1,80.1
70.3,77.7
74.3,98.3
79.8,73.8
86.8,50.6
78.5,100
83.3,100
80.6,100
86.2,100
78.2,58.1
86.6,75.6
79.7,67.7
98.3,70.1
94.3,98.3
82.2,85.3
96.1,93.4
73.1,92.2
91,77.8
87.5,100
76.3,100
89.2,98.6
87.3,96.9
100,75.4
96.5,81.8
83.2,100
99.1,100
70,100
86.2,76.9
74.6,62.9
100,94
100,49.2
81.9,89.7
82.8,91.8
81.3,89.8
88.5,55.6
72.4,98.7
94.1,79.7
80,55.9
96.5,34.7
73.9,100
73.9,100
96.1,100
98.8,91.8
80.2,89.2
82.7,97.3
83.5,68.9
93.2,90.9
84.9,96.1
76.9,100
87.3,79
98.4,87.7
93.2,64.1
92.9,74.7
83.3,95.3
66.4,93.4
98.4,100
83.4,77.8
92.3,100
58.2,92.5
90.7,72.3
96.7,65
81.6,46.6
79.2,100
91.1,99.2
80.9,70.4
70.1,89.6
93,93
96.1,63.4
96.4,93.2
93.5,95.4
86.6,78.6
83.2,88.8
91.4,63.2
98.6,88.9
74.3,95.4
77,48.8
80.2,90.8
88.3,76.3
84.5,77.2
94.6,94.9
88.6,77.5
69.6,78.6
66.3,95.8
91.5,100
100,93.5
76.4,84.5
90.8,82.6
84.7,71.5
100,93.1
86,80.2
84.6,66
93.5,100
94,100
90,57.5
98.5,49
93.8,87.5
100,100
71.5,100
74.8,66.3
86.5,63.6
72.5,100
82.5,79.8
79.1,80.7
88.6,79.8
78.8,50.1
78.5,78.4
84.8,100
86.7,96.1
63.8,74
92.8,84.9
85.3,75.9
91.2,100
90.2,98.6
70.3,70.2
81.5,100
84.6,92.4
83.4,87.9
75.3,64.3
74.3,100
86.2,98.7
100,80.3
75.7,100
88.6,82.4
100,100
86.2,87.9
100,78
100,100
100,84.2
91.9,93.6
100,95.8
91.1,87
98.7,63.9
81.1,93.1
96.3,89.8
89.5,96.2
78.8,62.8
76.3,95.4
89,100
97.4,74.1
87.7,100
100,100
81.6,81.9
79.3,100
74.7,78.2
92.4,73.4
93.3,78
89.4,100
95.7,100
83.8,100
85.9,100
96.9,100
86.6,85.8
83.6,98.1
72.5,96.9
81,84.3
81.5,100
76,99.8
93.1,69.8
70.4,100
95.8,100
77,82.6
91.9,62.6
80.2,85.9
100,100
97.9,85.6
87.4,82.8
100,53.6
94.1,100
92.9,89.9
98.6,98.3
54.1,83.9
90.9,71.7
88.7,61.4
97.3,100
77.8,95.8
86.6,100
90.8,100
68.6,100
90.8,85.4
70.8,99.5
100,100
85.8,50.4
69.7,95.4
86.2,73.6
90.6,100
90.7,85.8
83.4,85.3
64.4,97.8
73,77.4
89.7,81.3
84.4,72.3
75.8,83.8
80.4,74.8
84.2,100
80.6,100
60.6,60.5
71.1,78.6
79.3,98.8
85.5,100
78.7,100
87,100
93.9,100
100,96.8
78.2,95.4
100,75.8
77.3,100
90.9,100
90.5,76.3
85.4,63.1
75.3,100
78.3,79.8
96.4,53.8
95.2,100
81.3,85.2
75.6,87
85.7,91
94.2,89.7
67.3,99.4
91.6,87.3
83.2,97.1
100,87.7
75.4,100
79,100
87.3,86.8
84.8,98.3
87.5,91
94.1,99.9
90.8,92.6
76.9,100
79.5,87.7
92.8,82.4
83.5,92.5
91.3,90.2
70.8,96.1
79.8,57.1
100,65.2
76.5,74.1
75.5,100
82.3,100
87.6,94.7
88.2,68.8
92.9,83.1
72.5,96.1
73.4,63
75.5,91.6
91.5,100
77,87
95,91.5
67.2,99.2
89,60.7
84.5,100
98.1,87.8
95.2,52.6
89.1,81.3
100,100
86.1,100
95.7,97.4
82.3,100
91.9,100
74.2,100
80.6,100
82.4,97.8
74.1,49.3
73.5,93.1
75.5,44.6
82.7,100
100,96.9
88.6,100
93.9,100
84,89
98,100
93.7,73.5
76.6,76.9
86.9,65.5
79,58.8
95.6,80.2
77.1,84.3
90.2,64.5
88,66.3
91.5,56
90.9,79.5
100,40.7
85.2,73.2
79,83.1
81.4,63
79.9,82.9
72.4,76.4
88.7,98.8
70.3,100
95.8,65.2
87,71
84.6,92.8
93.1,100
67.3,97.8
74.4,53.1
77.3,83.7
72.9,79.4
98.7,94.7
88.1,90.5
81.9,100
80,88.4
100,61.9
78.7,61.3
84.3,60.9
86.4,57.8
74.5,99.1
84.5,93.9
79.3,65.6
89.9,95.5
98.8,78.7
86.7,100
81.8,100
84.6,100
85.4,96.6
100,76.9
81.5,36.6
96,87.1
78.5,89.1
79.3,77.6
86.8,88.1
80.9,86.5
100,91.3
87.7,74.6
83,85.4
74.5,100
90.6,85.7
74.3,100
86.8,81.4
78.4,86.3
82.1,88.7
71.8,88.8
79.6,99.2
83.6,100
79.5,90.3
74.1,100
87.2,62.5
90.9,100
85.1,72.7
83.9,77.2
93,87.2
100,55.9
77.5,77.5
80.8,96.1
73.7,94.3
80.9,71.7
86.4,100
74.5,74.1
86.8,100
79.1,100
67.7,79
96.8,100
82.3,63
80.9,100
80.1,100
81.4,73.4
80.7,100
88.4,99.1
82.5,98.7
77.7,98
87.7,89.4
80.2,100
95.9,100
100,71.7
88.3,100
62.3,79.5
100,96.4
99.8,100
93.1,75
91.6,100
84.6,66.4
83.4,73.8
96.2,77
89,100
89.7,100
73.7,100
91.9,71.7
82.3,78.5
87.9,89.1
85.2,71.6
83.8,96.4
73.9,100
82.7,63.2
97.3,57.2
87,88
92.7,90.5
93.5,74.3
82.5,86.1
66.2,86.1
90.9,88.6
84.2,89
80.8,100
96.8,67.3
80.2,79.2
91.6,97.2
80.8,82.9
91.3,69.6
89.7,100
87,100
84.7,81.9
84.6,100
100,95.5
80.7,97.5
63.4,77.8
77.6,99
72,87.4
94.2,59.3
88.8,86.8
86.7,63.8
90.4,100
96.5,100
81.1,100
78.9,100
77,100
100,42.2
88.2,84.9
83.7,66
92.3,63.8
64.7,76.1
82.7,84.8
100,62.5
89.9,88.8
81.2,88.8
68.4,73.8
91.7,100
83,82.4
73.1,59.2
70,76.7
84,99.5
68.5,100
70.8,69.9
84,93.4
87,60.1
67.8,76.4
74.4,100
88.7,74.1
79.4,100
97.2,94.8
65.9,100
87.4,92.9
72,100
94.9,71
87.4,98.6
77,67.5
93.2,84.3
100,66.4
83.9,92.2
93.7,95.7
73.5,100
95.7,68.6
89.9,54.9
78.1,100
77.7,62.9
80.2,66.3
95.8,73
85.6,100
90.4,54.9
86.8,100
96.4,100
100,87.5
75.1,75.6
94.9,92.9
79,76
92.4,100
71.9,87.2
76.6,95.9
98.4,80
89.1,70
90.2,93.3
84.4,100
82.5,100
93.4,51.4
88.1,94.5
86.5,97.2
77.7,81.7
79.7,62.5
71.4,100
81,90
100,67.5
85.7,100
100,45.7
86.4,44.4
96.3,71
69.1,100
75.6,100
91.9,100
86.5,100
100,100
87.7,71.4
83,90.6
83.5,99.1
91.6,100
83.1,100
74.2,100
87.7,100
81.5,100
98,75
92.5,51.5
90.2,85.6
89,83.9
88.1,59.8
81.4,93.9
100,64.3
86.5,81.4
93,51.2
100,72.4
87.6,76.2
79.6,65.8
100,99.1
89.4,100
91.4,45.1
95.4,78.9
94.2,62.5
100,53.7
75.3,85.9
77.6,79.8
86,81.4
100,45.4
86.2,100
82.7,61.9
90.4,84.1
81.1,93.6
78.9,100
70.2,66.4
100,52.5
65.4,94
87.9,100
93.6,100
88.6,98.1
85.1,61.1
70.2,100
72.7,58
83.9,98.9
68.3,72.8
65.6,91.3
81.6,100
77.9,90.1
82.7,74.4
67.7,91.2
62.5,67.3
82.4,67.3
76.2,67
94,75.6
76.9,74.5
94.6,79.9
62.2,100
84.6,94.1
75.8,85
97.4,79.1
81.8,94.7
89,100
77.9,73.4
100,82.2
71.2,76.2
88.1,64.1
88.2,63.3
95.5,81.5
97.1,83.2
87.9,83.6
100,95.6
86.7,100
89.7,79.6
100,89.1
75,93.4
82.9,92.5
82,77.1
93.4,50.2
91.2,82.5
84.6,100
91.6,98.9
84,100
88,100
90.3,73.9
60,95.4
92.4,75.7
82.4,87
91.4,100
68.5,100
88.6,97.5
80.5,69.6
89,100
86.1,100
74.2,87.6
77.9,51.2
90,65.3
83.8,69.2
85.6,63.1
60.5,71.5
84.1,77.2
88.8,87.9
100,95.7
88.6,100
78,100
92.8,78.4
98.7,96.5
95.5,86
80.7,100
97.1,60.6
82,64.5
76,99.1
98.9,100
85.8,64.3
74.9,63.4
86.8,100
75.7,76.9
81.7,100
95.7,85.1
83.3,100
80.9,79.5
98.8,83
74.3,89.6
89.7,84.3
79.7,93.6
83.5,76.9
79.8,100
65.3,100
94.2,87.6
72.7,76.7
79.8,14.6
82.1,91.3
81.8,100
71.7,100
83,65.2
85,80.3
87.5,88.3
82,100
87.1,73.3
86.8,100
82.6,100
99.6,92.6
64.5,100
74.6,98.2
89.8,95.8
83.1,98.9
76.3,89.6
100,83.4
97.2,95.4
69.6,100
82.7,69.2
90.7,68.1
86.9,92.6
78.8,82.7
87.8,78.5
72.9,79.5
92.3,85
94,100
90.2,55.2
91.3,77.3
92,79.6
82.6,46.1
91.6,90.6
88,100
88.5,87.5
85.4,90.3
93.6,62.9
76,74.4
72.5,87.9
77.7,83.4
99.3,100
76.9,100
86.7,59
88.6,100
100,92.5
71.9,93.8
79.3,100
78,75
81.3,55.1
84.3,85.7
97.8,72.3
78.1,93.3
100,100
86.9,75.9
71.4,88.8
72.7,99.1
100,57.4
93.9,100
72.3,63
69,93.2
100,100
79.1,88.9
91.3,86.8
83.6,84.8
80.5,80.2
94.4,100
74.9,50.4
96.2,100
91.3,65.3
65.4,96
92,72.6
91.7,94.7
85.1,45.2
100,92.4
89.1,100
100,61.9
85.1,72.5
96.6,62.7
100,93.8
72,77.2
98.5,69.5
96.8,100
90,99.2
74,91.2
84,100
87.8,71.9
97.4,55.2
91.9,100
95.6,100
77,81.8
75.6,93.3
67,85.1
88.8,82.9
77.1,100
69.9,89.7
73,82.2
76.9,67
100,92
86.7,83.5
91.3,91.4
88.7,100
87.7,77.4
67.7,94.2
83.4,76.7
86.8,95.9
80,74.7
80.7,73.8
81.3,97.7
83.7,100
100,91.1
78.1,65.2
89,99.5
75.8,75.9
63.4,94.6
96.8,65.2
75.3,99.5
71.4,67.5
79.7,100
95.6,86.4
87.9,73.9
100,86.1
95.1,95.4
71.4,78.6
80.5,100
76.6,100
72.7,64.8
95.9,100
68.8,89.1
82.5,79.8
91.4,42.3
71.5,67.3
86.7,100
93.7,68.8
65.5,99.4
93.1,66.3
82.8,85.6
80.9,80.8
93.5,100
100,100
70.5,76.6
95.4,34.9
90.5,77.9
81.9,82.4
87.4,82
78.4,100
71.1,55.3
100,85.8
100,100
98.3,63.7
74.4,88.3
88,90.4
100,89.8
75.8,100
84.2,90.1
84.9,68.5
82,87.4
69.4,86.4
80.3,56.5
91.3,88.6
95.2,87
91.4,100
83.7,100
89.5,58.5
100,72.3
99.1,93.5
96.1,83.9
93.6,70.8
95.7,100
66.7,98.8
71.5,100
86.1,85.5
80.8,100
95.3,100
81.4,100
62.4,97.1
78.8,89.1
91.3,81.9
93.7,93.9
80,98.3
66.8,100
90.6,100
88.6,35.2
88.3,100
88.3,77
79.9,76.9
79.8,86
81.3,100
81,100
81.9,92.6
100,74.3
78.1,91.8
90.1,96.7
79.6,77.5
93.5,100
74.8,100
100,100
98.4,100
88.3,99.7
80,97.6
67.2,80.1
88,88.4
85.7,66.3
76.7,100
85.9,100
68.6,100
100,97.2
83.2,100
100,100
66.1,69.8
82.7,73.9
68.5,100
75,100
96.6,89.9
100,89.8
91.9,66.9
79.6,90
88.7,98.7
86.9,94.9
92,85.2
83.1,90.5
73.4,96.5
79.4,84.3
81.3,95.8
89,85.4
82.1,98.8
95.9,91.8
88.2,24.3
94.9,100
80.9,65.9
67.2,69.6
87.2,100
67.5,85.8
94,100
93.4,98.9
81.2,100
92.5,83.6
94.8,100
81.4,81.7
87.5,80.4
73.3,100
96.8,61.8
69.7,100
78.3,78.7
93.1,66.4
83.7,63.9
98.7,100
100,54.7
75.3,100
66.6,63.4
100,53.2
89.3,74.1
100,100
100,91.2
92,77.5
93.5,89.1
92.7,100
92.2,100
80,100
97.9,97.1
85.7,60.5
90,82.6
86.3,93.4
93.9,73.6
90.3,80.8
87.8,74.2
75.5,77.9
81.9,98.8
86,80.2
79.8,80.4
90.7,87.6
92.5,100
62.8,91.7
72.9,46.2
76,83.6
80.6,54.9
80.2,67.6
81.7,86.6
86.5,44
89.2,71.4
91.9,87.5
79.7,100
75.6,97.6
98.5,75.4
99.6,84.1
71.3,83.3
83.1,92.9
100,100
85.4,100
68.2,63.3
74.3,96.1
82.4,94.3
76.2,73.8
92.1,96.9
86.8,100
87.5,57.7
70.9,70.3
71.9,100
81.2,86.7
80.3,96.8
88.7,100
87.5,100
93.2,72.2
86.5,99.8
84.9,100
83.4,87.2
84,84.7
86.8,56.1
92,96.9
93.3,100
88.4,87.8
78.6,100
75.1,79.5
77.2,99.5
86.9,79.6
93.6,94.9
63.9,73.8
69.1,88.1
100,67.6
84.1,100
86.9,100
71.1,84.7
76.6,67.7
81,100
74.3,99.6
68.7,53.9
93.4,98.4
85,81.2
80.1,99.7
93,100
93,89.9
100,87
84.9,73.1
75.9,61.1
80.9,69.2
99.8,83.2
77.8,68.4
80.1,100
96.4,100
83.7,62.6
100,67.9
98.6,97.5
90.5,90.6
92.4,72
80.5,100
80.8,100
98.5,77.2
93.9,100
96.2,100
88.6,73.5
84.5,85
78.6,75.2
91.2,64
73.5,100
95.8,100
84.5,81.5
93.9,60.9
95.6,76.5
80,87.3
87.9,74
87.3,100
76.4,74.9
99.9,96.9
90.2,88.5
78.4,100
85.8,100
76.1,82
100,81.2
89.9,100
86.3,95
78.3,87.5
100,95
85.8,61.9
96.8,78.3
87.3,73.3
90.3,94.1
82.7,100
83,72.9
90.4,100
69.2,97.9
79.6,85.8
83.9,100
100,98
86.3,100
100,93.7
67.7,81.1
75.9,76.6
92.1,61.7
71.3,69.9
81.4,100
88.3,100
78.4,71.4
83.9,58.7
75.5,100
96.3,100
80.6,81.5
69.9,99.8
77,70.3
66.1,88.4
71.7,100
85.5,34.4
86.9,81.7
80.4,66.9
90.3,100
98.7,100
89.8,92.9
80,83.7
87.6,100
84.1,99
92.1,100
88.9,82.7
79.5,100
75,74.5
88.8,98.3
94.5,76
99.1,87.2
83.8,71
88.9,84.1
98.4,93.2
94,100
81.6,100
88.8,63.7
85.1,85.6
79.9,79.9
80.7,59.4
85.7,83.2
79.3,90.3
81,100
95.7,89.6
69.2,49.3
85.4,86.4
83.8,100
74.9,100
86.9,66.1
79.9,36
95,100
87.7,100
90.7,74.3
69.2,98.5
72.4,48.9
100,98
89.7,95.4
78.6,100
100,65.7
84.8,98.1
80.7,87.8
80.3,82.1
70.9,59.2
90.8,99.2
94.6,55.2
97.1,92.1
76.7,89.2
85.3,76.8
79,100
85,71.1
79.7,92.4
70.9,76.7
100,100
85.6,72.6
91.6,100
100,91
86.5,90.2
100,100
91.5,100
61.1,100
80,79.5
67.2,100
80.6,100
73.9,53.1
94.8,52.5
84.5,73.7
76.8,81.5
95.4,94.6
82.4,100
89,75.4
73.5,100
81.3,89.3
92.4,100
100,61.6
85.5,82.2
90,97.3
100,100
66.9,78.6
83.8,56
90.6,95.2
79.6,88.4
78.6,55.3
65.5,67.7
97.7,68.7
68.1,68.5
89.4,43.8
88,100
76.3,98.1
78,88.6
93.7,83.7
87.3,94.6
81.5,65
80.8,84.3
76.7,98.4
92.5,66.5
94.3,73.6
87.8,100
93.1,100
81.8,76.5
88.2,97.6
75.9,86.9
85,100
98.2,90.3
83.5,71
87,100
84.4,88
94.1,73
84,81.2
75.5,89.9
83.1,99.2
95.7,81.8
83.8,100
85.7,100
76.4,100
66,87.7
95.2,100
75.3,74.9
95.7,84.8
85.9,100
78.7,88.6
75.4,59.1
100,78.5
88.3,64.9
91.5,82.8
93.1,61.1
80.4,64.3
82.7,92.1
88.5,100
72.2,71.3
61.8,100
88.9,92.3
89.4,100
98.8,64.5
97,94.7
83.3,47.3
90.7,98.6
68.1,78.6
69.1,100
92,73.3
86.5,66.7
100,100
95.4,73
100,92.9
83.9,56.5
89.8,94.3
86.5,50.1
92.1,100
89.5,98.9
78.6,82.1
70.4,93.1
92.1,78
85,83.3
86.8,62.8
100,69
93.5,90.5
82.4,73.6
85.8,92.5
98.1,85.3
88.6,100
93,74.7
75,90.1
80.8,100
81.7,89.9
91.4,99.2
98.4,88.1
92.9,79.4
92.2,100
88.9,74.6
100,76.9
91.2,73.1
81.6,81.2
83,99.9
77.8,100
80.7,100
77.5,100
75.5,63.4
89.2,100
92.5,100
73.8,96.4
82.7,95
74.5,100
95.2,100
77.9,100
70.2,100
93.5,97.8
94.6,82.7
69.1,66.6
78.8,100
100,84.1
71.3,100
71.3,93.7
74.5,72.7
72.8,100
90.7,50
94.7,100
71.4,100
99.7,90
70,83
87.1,100
91.7,74.2
100,67.9
100,100
78,100
90.9,81.8
81.3,99.7
100,100
72.6,80
80,56.7
72.3,100
80.9,100
78.2,100
71.4,81
87.2,100
84.9,72.1
97.7,82.1
100,96.4
85.2,100
74.6,100
87.6,100
77.8,95
79.2,81.9
71.3,71.2
83.4,55.4
79.2,75.4
78.3,83.2
85.3,64.5
99.5,96.1
69.5,99.8
100,100
78.2,99.2
94.8,91.2
77,78.1
97.1,86.3
74.1,69.8
90.3,97.5
78.6,89
100,66.1
86.9,100
80.6,94.1
98.6,85.3
100,96.2
88.6,79.1
88.3,84.7
86.5,100
84,87
94.9,89.5
97.7,88
74.7,98.2
72.7,86
76.3,79.7
97.5,73.3
97.1,62.8
80,76.9
81.8,91
69.4,85.3
83.2,89.2
92.3,95.8
96.3,99.2
73.7,92.2
80.1,68.9
76.8,89.3
94.9,65.7
82,72.2
90.6,81.6
83.6,75.6
99.1,61.6
83.9,87.4
83.7,99
88.4,100
86.7,74
78.7,92.7
96.2,70
76.3,68.7
82.4,66.2
79.7,99.3
73.6,57
74.8,84.5
95.1,83.3
93.2,86.7
72.7,100
77.4,90.4
80,58.2
87.4,86.5
89.2,54.6
81.1,100
82.4,75.4
79.1,92.4
72.8,80.8
82,86.4
70.4,82.4
67.2,100
83.9,72.2
72.7,100
77.3,100
81.4,96.7
78.1,86.2
97.9,98.2
98.3,43.2
66,84.4
85.7,84.6
97.1,97
83.7,65.1
69.8,86.1
68.8,100
80.8,100
100,67
84.5,93.7
76.9,77.6
90.1,44.8
98,63.7
74,100
87,80.1
96.1,88.8
81.4,93
73.9,100
63.1,100
83.3,100
86.7,82.6
80.1,100
89.9,61.4
82.6,100
100,64.5
85.7,100
93.4,61.4
95.3,91.4
79.2,73.1
73.4,89.3
100,60.6
65.4,84.3
76.7,98.6
88,71.6
96.1,73.2
91.9,100
76.5,86.6
90.1,64.5
71.6,71.9
72.5,93.5
78.4,83.5
74,79.8
88.8,95.5
86.8,47.7
79.9,100
88.5,85.5
96.3,82.9
75.6,71.7
78.5,60.3
79.5,91.3
91.9,100
100,76.7
93.5,89.4
82.7,50.8
83.5,83.8
83.7,73.8
66.2,60.8
80.4,73.8
80.2,74.8
71.6,73.5
100,90.7
73.6,51.1
85.5,66
87.4,74.6
81.8,96
91.1,68
75.7,86.1
74.9,78.1
88.8,100
84.3,87.4
74,74.1
91.8,90.3
75.7,52.1
100,100
68.7,88.5
83.9,98.7
75.7,100
98.6,51.7
82.2,100
97.8,64.6
69.1,82.3
97.7,69.4
99.3,71.2
77.6,76.2
93.5,100
81.6,45.8
97,100
75.6,71.7
85.1,75.7
78.3,84.3
83.7,100
92.9,86.3
84.3,100
97.2,86.9
81.9,94.3
88,100
87.7,100
75.9,76.6
100,97.5
100,87.7
86.9,98.4
87.8,79.9
100,97.1
83.2,79.8
90.3,73.4
86,88.3
70.8,85.2
87.8,75.7
85,95.6
75.8,100
85.6,100
65.3,100
95.6,67.6
80.5,61.6
100,95.1
93.2,100
94.3,100
86.4,85.3
87.6,100
75.4,65.4
77.3,78.8
81.7,100
82.1,68.9
95.7,86.3
86.5,97.8
65.5,96.7
77,33.8
94.4,81.5
74.3,66.1
78,71.9
83.3,73
93.5,93.4
82,100
81.6,90.9
69.3,100
75,73.5
92.7,100
87.1,100
89.4,90.6
67.6,100
85.2,71.5
84.5,81.1
82.2,80.5
72.3,78.7
79.6,74
100,100
92,87.1
77.5,91.4
84,76
63.1,67.5
80.5,100
80.9,57.9
100,92.4
74.6,63.9
96.4,100
86.4,96.6
71.8,100
96.3,100
82.7,94.6
90.8,96.8
100,96.6
76.8,79.9
93.8,100
77.1,100
88.1,86.5
86.8,61.2
85.6,67.9
79.7,74.5
91,90.1
83.3,77.5
100,100
90.1,100
81.7,84.6
85.7,88.5
82.7,93.6
89,71
98.2,93.2
86.5,90.2
88.8,68.5
73.9,83
74.7,84.3
