student_id,total_score_a,total_score_b,grade
1,97.9,98,A
2,83.9,100,B
3,100,93.7,A
4,100,81.1,A
5,92,76.6,A
6,97.5,61.7,A
7,100,69.9,A
8,96.1,100,A
9,69.8,100,C
10,80.3,71.4,B
11,66.4,58.7,C
12,72.5,100,B
13,95.2,100,A
14,60.9,81.5,C
15,52.1,99.8,D
16,73.5,70.3,B
17,63,88.4,C
18,100,100,A
19,75.4,34.4,B
20,57.9,81.7,C
21,100,66.9,A
22,79,100,B
23,76.3,100,B
24,58.7,92.9,C
25,68.3,83.7,C
26,97.2,100,A
27,68.4,99,C
28,100,100,A
29,63.6,82.7,C
30,89.2,100,A
31,77.4,74.5,B
32,100,98.3,A
33,82.6,76,B
34,71.9,87.2,B
35,97.4,71,A
36,61.6,84.1,C
37,99.5,93.2,A
38,50.1,100,D
39,56.7,100,C
40,84,63.7,B
41,100,85.6,A
42,100,79.9,A
43,63.6,59.4,C
44,100,83.2,A
45,55.9,90.3,C
46,89.6,100,A
47,78.7,89.6,B
48,90.3,49.3,A
49,71,86.4,B
50,51.1,100,D
51,82.7,100,B
52,91,66.1,A
53,92.7,36,A
54,100,100,A
55,100,100,A
56,100,74.3,A
57,76.9,98.5,B
58,91.9,48.9,A
59,89.5,98,A
60,100,95.4,A
61,71.2,100,B
62,81.9,65.7,B
63,67.1,98.1,C
64,69.9,87.8,C
65,96.5,82.1,A
66,100,59.2,A
67,80.4,99.2,B
68,92.2,55.2,A
69,83.6,92.1,B
70,78.8,89.2,B
71,93.2,76.8,A
72,100,100,A
73,84.5,71.1,B
74,100,92.4,A
75,47.4,76.7,D
76,97.5,100,A
77,90.8,72.6,A
78,87.7,100,A
79,91.7,91,A
80,54.6,90.2,D
81,81,100,B
82,79.5,100,B
83,100,100,A
84,62.3,79.5,C
85,64.9,100,C
86,93.3,100,A
87,100,53.1,A
88,98.4,52.5,A
89,69.2,73.7,C
90,93.9,81.5,A
91,100,94.6,A
92,100,100,A
93,79.7,75.4,B
94,86.6,100,A
95,72,89.3,B
96,73.6,100,B
97,67.3,61.6,C
98,73.1,82.2,B
99,100,97.3,A
100,63.9,100,C
101,72.9,78.6,B
102,73.4,56,B
103,68.1,95.2,C
104,86.1,88.4,A
105,83,55.3,B
106,77.7,67.7,B
107,100,68.7,A
108,93.6,68.5,A
109,100,43.8,A
110,100,100,A
111,43.5,98.1,D
112,93.8,88.6,A
113,78.9,83.7,B
114,100,94.6,A
115,84.2,65,B
116,100,84.3,A
117,100,98.4,A
118,73.2,66.5,B
119,100,73.6,A
120,95.4,100,A
121,92.1,100,A
122,76.7,76.5,B
123,100,97.6,A
124,74.1,86.9,B
125,74.2,100,B
126,100,90.3,A
127,74,71,B
128,72.6,100,B
129,74.8,88,B
130,54.7,73,D
131,50.6,81.2,D
132,86.8,89.9,A
133,92.6,99.2,A
134,97.3,81.8,A
135,70.6,100,B
136,100,100,A
137,81.9,100,B
138,78.7,87.7,B
139,100,100,A
140,54.8,74.9,D
141,95,84.8,A
142,100,100,A
143,58.2,88.6,C
144,87.9,59.1,A
145,86.2,78.5,A
146,86.1,64.9,A
147,58.9,82.8,C
148,62.3,61.1,C
149,100,64.3,A
150,83.5,92.1,B
151,90.2,100,A
152,94.4,71.3,A
153,85.4,100,A
154,100,92.3,A
155,100,100,A
156,92.4,64.5,A
157,100,94.7,A
158,79.6,47.3,B
159,54.8,98.6,D
160,93.2,78.6,A
161,72,100,B
162,95.8,73.3,A
163,100,66.7,A
164,75.8,100,B
165,97.4,73,A
166,100,92.9,A
167,100,56.5,A
168,100,94.3,A
169,72.2,50.1,B
170,72.9,100,B
171,63.2,98.9,C
172,66.2,82.1,C
173,75.6,93.1,B
174,100,78,A
175,75.5,83.3,B
176,89.5,62.8,A
177,89.2,69,A
178,100,90.5,A
179,92.9,73.6,A
180,100,92.5,A
181,100,85.3,A
182,84.7,100,B
183,80.1,74.7,B
184,100,90.1,A
185,75.9,100,B
186,100,89.9,A
187,96.5,99.2,A
188,97.2,88.1,A
189,58.2,79.4,C
190,52.2,100,D
191,70.1,74.6,B
192,100,76.9,A
193,89,73.1,A
194,44.1,81.2,D
195,80.5,99.9,B
196,92.5,100,A
197,65.4,100,C
198,93.9,100,A
199,99.8,63.4,A
200,53.2,100,D
201,85.9,100,A
202,100,96.4,A
203,100,95,A
204,99.4,100,A
205,63,100,C
206,70.2,100,B
207,90.5,100,A
208,83.7,97.8,B
209,98.1,82.7,A
210,100,66.6,A
211,95.5,100,A
212,100,84.1,A
213,100,100,A
214,90.2,93.7,A
215,87.9,72.7,A
216,100,100,A
217,83,50,B
218,97.4,100,A
219,70.6,100,B
220,83.7,90,B
221,100,83,A
222,46.4,100,D
223,100,74.2,A
224,63.1,67.9,C
225,87.4,100,A
226,100,100,A
227,65.7,81.8,C
228,54.2,99.7,D
229,69.5,100,C
230,100,80,A
231,79,56.7,B
232,100,100,A
233,81.5,100,B
234,85.8,100,A
235,100,81,A
236,100,100,A
237,53,72.1,D
238,96,82.1,A
239,81.2,96.4,B
240,100,100,A
241,55,100,C
242,81.5,100,B
243,72.7,95,B
244,100,81.9,A
245,55.6,71.2,C
246,91.1,55.4,A
247,80,75.4,B
248,71.4,83.2,B
249,100,64.5,A
250,89.5,96.1,A
251,74.7,99.8,B
252,100,100,A
253,100,99.2,A
254,94.1,91.2,A
255,38.9,78.1,F
256,69.5,86.3,C
257,100,69.8,A
258,60.4,97.5,C
259,98.1,89,A
260,100,66.1,A
261,77.7,100,B
262,81.2,94.1,B
263,57.8,85.3,C
264,63.8,96.2,C
265,69.4,79.1,C
266,68.7,84.7,C
267,100,100,A
268,57.2,87,C
269,69.3,89.5,C
270,83.5,88,B
271,100,98.2,A
272,69.7,86,C
273,100,79.7,A
274,90.1,73.3,A
275,78.1,62.8,B
276,100,76.9,A
277,76.2,91,B
278,69.6,85.3,C
279,77.6,89.2,B
280,82.4,95.8,B
281,89.1,99.2,A
282,100,92.2,A
283,100,68.9,A
284,43.9,89.3,D
285,100,65.7,A
286,54.5,72.2,D
287,62.1,81.6,C
288,100,75.6,A
289,85.6,61.6,A
290,80.8,87.4,B
291,92.4,99,A
292,71.6,100,B
293,74.5,74,B
294,87.5,92.7,A
295,89.9,70,A
296,80.4,68.7,B
297,94.9,66.2,A
298,92.6,99.3,A
299,95.8,57,A
300,100,84.5,A
301,62.9,83.3,C
302,81.1,86.7,B
303,100,100,A
304,100,90.4,A
305,87.6,58.2,A
306,88.1,86.5,A
307,100,54.6,A
308,77.1,100,B
309,80,75.4,B
310,100,92.4,A
311,90.6,80.8,A
312,95.9,86.4,A
313,99.6,82.4,A
314,100,100,A
315,100,72.2,A
316,82.2,100,B
317,100,100,A
318,79.8,96.7,B
319,94.6,86.2,A
320,84.1,98.2,B
321,85.3,43.2,A
322,87.2,84.4,A
323,80.3,84.6,B
324,100,97,A
325,71.6,65.1,B
326,75.5,86.1,B
327,98.6,100,A
328,100,100,A
329,100,67,A
330,97.9,93.7,A
331,90.5,77.6,A
332,41.3,44.8,D
333,93.3,63.7,A
334,81.3,100,B
335,100,80.1,A
336,97.8,88.8,A
337,56.7,93,C
338,81.2,100,B
339,99.9,100,A
340,94.6,100,A
341,72.9,82.6,B
342,80.6,100,B
343,97,61.4,A
344,89.4,100,A
345,79.7,64.5,B
346,100,100,A
347,59,61.4,C
348,56.9,91.4,C
349,79.9,73.1,B
350,91.5,89.3,A
351,100,60.6,A
352,100,84.3,A
353,87.3,98.6,A
354,87.4,71.6,A
355,88.3,73.2,A
356,68.8,100,C
357,94.7,86.6,A
358,76.4,64.5,B
359,100,71.9,A
360,72.1,93.5,B
361,83.7,83.5,B
362,100,79.8,A
363,85.1,95.5,A
364,89.5,47.7,A
365,95.4,100,A
366,82.5,85.5,B
367,77.5,82.9,B
368,89.9,71.7,A
369,93.3,60.3,A
370,80,91.3,B
371,96.4,100,A
372,95,76.7,A
373,100,89.4,A
374,100,50.8,A
375,100,83.8,A
376,82.4,73.8,B
377,92.2,60.8,A
378,100,73.8,A
379,100,74.8,A
380,60.4,73.5,C
381,76.5,90.7,B
382,88.7,51.1,A
383,33.8,66,F
384,67.3,74.6,C
385,87.6,96,A
386,92.1,68,A
387,85.4,86.1,A
388,100,78.1,A
389,100,100,A
390,97.6,87.4,A
391,54.1,74.1,D
392,85.8,90.3,A
393,63.1,52.1,C
394,100,100,A
395,100,88.5,A
396,89.6,98.7,A
397,58.6,100,C
398,100,51.7,A
399,81.5,100,B
400,100,64.6,A
401,67.2,82.3,C
402,67.8,69.4,C
403,87.4,71.2,A
404,90.2,76.2,A
405,64.9,100,C
406,88.6,45.8,A
407,81.3,100,B
408,88.5,71.7,A
409,85.6,75.7,A
410,91.5,84.3,A
411,100,100,A
412,66.4,86.3,C
413,54.3,100,D
414,100,86.9,A
415,89.6,94.3,A
416,89.2,100,A
417,100,100,A
418,96.3,76.6,A
419,100,97.5,A
420,90.5,87.7,A
421,100,98.4,A
422,100,79.9,A
423,71.4,97.1,B
424,89.8,79.8,A
425,81.8,73.4,B
426,100,88.3,A
427,74.1,85.2,B
428,100,75.7,A
429,96.4,95.6,A
430,47,100,D
431,46.4,100,D
432,54.4,100,D
433,76,67.6,B
434,97.8,61.6,A
435,100,95.1,A
436,92.8,100,A
437,100,100,A
438,78.9,85.3,B
439,74,100,B
440,75.3,65.4,B
441,88.4,78.8,A
442,81,100,B
443,45.8,68.9,D
444,80.3,86.3,B
445,69.6,97.8,C
446,98.2,96.7,A
447,100,33.8,A
448,89.5,81.5,A
449,66.9,66.1,C
450,80.3,71.9,B
451,67.3,73,C
452,100,93.4,A
453,78.7,100,B
454,86.2,90.9,A
455,71.9,100,B
456,49.3,73.5,D
457,93.4,100,A
458,55,100,C
459,79.6,90.6,B
460,51.9,100,D
461,100,71.5,A
462,94,81.1,A
463,96.2,80.5,A
464,77.5,78.7,B
465,85.2,74,A
466,99.2,100,A
467,92.8,87.1,A
468,100,91.4,A
469,72.3,76,B
470,65.7,67.5,C
471,66,100,C
472,60,57.9,C
473,63.6,92.4,C
474,100,63.9,A
475,100,100,A
476,82.1,96.6,B
477,83.4,100,B
478,97.2,100,A
479,100,94.6,A
480,100,96.8,A
481,80.2,96.6,B
482,78.5,79.9,B
483,67.7,100,C
484,75.5,100,B
485,74,86.5,B
486,68.5,61.2,C
487,66.9,67.9,C
488,87.8,74.5,A
489,100,90.1,A
490,100,77.5,A
491,88.1,100,A
492,100,100,A
493,100,84.6,A
494,85.5,88.5,A
495,100,93.6,A
496,100,71,A
497,72.8,93.2,B
498,100,90.2,A
499,63.5,68.5,C
500,72.7,83,B
501,100,84.3,A
502,100,60.2,A
503,69.7,79.1,C
504,95.4,85.3,A
505,56.8,100,C
506,75.2,91.6,B
507,72.6,62.6,B
508,64.6,97.5,C
509,72.6,54.3,B
510,80.7,100,B
511,89.4,65.6,A
512,91.1,81.4,A
513,92.8,100,A
514,63.2,78.1,C
515,80.9,75.1,B
516,94.3,78,A
517,92.6,100,A
518,65.8,68.3,C
519,96.1,36.8,A
520,100,70.5,A
521,66.1,100,C
522,90.7,100,A
523,63.3,78.5,C
524,100,75.7,A
525,63.5,100,C
526,79.1,55.9,B
527,63.9,75.9,C
528,88.2,86.7,A
529,79.1,100,B
530,70.6,65.6,B
531,99.3,97.6,A
532,55.1,52.5,C
533,81.3,66.7,B
534,43,83.9,D
535,89,52.5,A
536,78.5,88.7,B
537,77.6,100,B
538,92,90.8,A
539,100,89.5,A
540,73.2,79.7,B
541,96.5,92.2,A
542,62.1,96.2,C
543,86.1,74.4,A
544,100,78.1,A
545,37.8,100,F
546,65.3,99.1,C
547,79.8,56.5,B
548,100,100,A
549,89.2,96.8,A
550,79.8,100,B
551,100,100,A
552,87,76.9,A
553,98.9,77,A
554,98.6,90.6,A
555,100,83.8,A
556,86.5,100,A
557,76.3,63.4,B
558,82.8,100,B
559,100,90.8,A
560,100,42.6,A
561,100,90.8,A
562,100,83.7,A
563,72.2,100,B
564,87.8,89.1,A
565,100,61.7,A
566,100,61.9,A
567,63.1,75.2,C
568,61.8,100,C
569,58.9,85.2,C
570,76.3,97.2,B
571,100,100,A
572,100,70,A
573,99.4,100,A
574,89,83.6,A
575,83.8,100,B
576,61.9,80.8,C
577,80.1,100,B
578,95.8,95.3,A
579,58.1,88.9,C
580,100,93.1,A
581,86,83,A
582,86.8,100,A
583,100,100,A
584,100,64.1,A
585,99.9,76.9,A
586,84.2,89.7,B
587,80.9,100,B
588,72,71.7,B
589,100,100,A
590,65.3,44.5,C
591,93.7,98,A
592,67.8,41.7,C
593,91.3,100,A
594,84.9,92,B
595,99.3,88,A
596,67.3,68.7,C
597,99.9,100,A
598,74.1,100,B
599,100,77.2,A
600,91.4,79.1,A
601,89.6,77.6,A
602,76.3,74.8,B
603,100,94.1,A
604,100,100,A
605,100,100,A
606,100,54.9,A
607,77.4,71.6,B
608,52.3,54.7,D
609,51.9,100,D
610,100,90.3,A
611,100,69,A
612,74.7,75.7,B
613,99.1,84.5,A
614,70.6,100,B
615,100,78.5,A
616,97.6,94.1,A
617,96.7,94.4,A
618,100,94.4,A
619,98.9,61.9,A
620,93.2,100,A
621,73.6,100,B
622,89.7,75.5,A
623,100,100,A
624,100,86.8,A
625,100,81,A
626,91.1,87.1,A
627,71.1,89.9,B
628,69.3,37.1,C
629,80.9,100,B
630,100,80.5,A
631,66.2,66.9,C
632,100,81.6,A
633,89.4,80.8,A
634,78.3,40.2,B
635,67.3,100,C
636,69.2,91.2,C
637,100,93.4,A
638,89.9,100,A
639,49.8,64,D
640,82.7,100,B
641,82.1,79.2,B
642,100,100,A
643,94.7,40.2,A
644,65.7,79,C
645,74,73,B
646,83.8,99.4,B
647,44.5,83.3,D
648,90,84.9,A
649,86.9,76.5,A
650,93.6,90.3,A
651,100,87.3,A
652,100,100,A
653,75.9,70.6,B
654,78.6,66.5,B
655,100,87.2,A
656,97.4,52.4,A
657,94.8,68.6,A
658,93.2,62,A
659,92.2,90.1,A
660,75.2,100,B
661,73.4,90.8,B
662,81,78.1,B
663,98.8,100,A
664,86.1,63.8,A
665,84.2,90,B
666,78.1,65.6,B
667,84.4,53.4,B
668,100,90.8,A
669,34.5,89,F
670,100,78.4,A
671,97.7,93.1,A
672,51.8,68.4,D
673,81.9,100,B
674,87.5,74.6,A
675,70.5,100,B
676,76.2,75,B
677,74.6,93.4,B
678,100,64.9,A
679,100,93.4,A
680,100,100,A
681,100,100,A
682,83.2,100,B
683,94.8,84.6,A
684,100,81.9,A
685,51.6,85.1,D
686,100,75.9,A
687,95.1,100,A
688,76.5,66.2,B
689,100,100,A
690,100,100,A
691,68.5,100,C
692,100,53,A
693,66.7,100,C
694,96.8,100,A
695,100,82.1,A
696,100,52.3,A
697,100,59.7,A
698,70.2,85,B
699,100,42.4,A
700,71.1,85.3,B
701,75.4,89.9,B
702,96.1,100,A
703,87,100,A
704,62.9,82.3,C
705,71.4,95.4,B
706,100,64.9,A
707,75.6,56.3,B
708,100,65,A
709,50.5,100,D
710,100,91.6,A
711,77.2,82.3,B
712,93.7,100,A
713,61.4,70.1,C
714,98.9,100,A
715,89.5,100,A
716,100,97.5,A
717,100,100,A
718,97.3,48.1,A
719,78.4,63.4,B
720,81.8,80.6,B
721,87.4,99,A
722,46.6,70.8,D
723,71.2,100,B
724,100,100,A
725,86.1,86.2,A
726,99.6,82.4,A
727,100,39,A
728,83.7,81.8,B
729,81,100,B
730,80.7,100,B
731,80.7,94.2,B
732,81.6,85.9,B
733,80.8,46.2,B
734,48.3,69.8,D
735,99.5,100,A
736,98.8,73.8,A
737,74.4,82.9,B
738,100,100,A
739,100,74.8,A
740,93.4,84.2,A
741,67,100,C
742,92.3,83.1,A
743,82.2,100,B
744,77.4,43.6,B
745,97.9,100,A
746,84,95.1,B
747,85.2,100,A
748,76.2,98,B
749,70.9,71.7,B
750,62.5,89.2,C
751,77.6,53.6,B
752,76,85.1,B
753,84.5,89.5,B
754,100,100,A
755,83,100,B
756,100,99.5,A
757,94.7,89.3,A
758,91.8,75.9,A
759,62,71.1,C
760,100,100,A
761,72.6,100,B
762,98.1,67.7,A
763,100,98.5,A
764,97.8,83.8,A
765,100,100,A
766,67.8,82.9,C
767,85,100,A
768,100,71,A
769,77.6,85.2,B
770,100,100,A
771,100,100,A
772,78.9,87.4,B
773,100,65.7,A
774,88.1,100,A
775,85.6,86.3,A
776,74.8,73.5,B
777,70.7,100,B
778,71.3,95.1,B
779,100,100,A
780,100,77.9,A
781,86.9,100,A
782,80.2,74.7,B
783,98.3,85.9,A
784,100,28.2,A
785,79.8,100,B
786,100,66.6,A
787,100,100,A
788,93.4,94.8,A
789,88.4,77.4,A
790,58,85.1,C
791,100,89.6,A
792,93.5,100,A
793,95.4,50.6,A
794,74.6,94.7,B
795,73.7,82.1,B
796,100,70.7,A
797,97.2,50.2,A
798,80.1,100,B
799,90.1,76.1,A
800,100,69.2,A
801,89.3,100,A
802,80.6,100,B
803,100,53,A
804,68.5,100,C
805,75.6,70,B
806,100,100,A
807,97.5,97,A
808,84.5,87.7,B
809,93.9,98.5,A
810,74.1,100,B
811,77.1,99.9,B
812,74.8,50.6,B
813,100,100,A
814,96.1,100,A
815,100,84,A
816,51.4,69.9,D
817,80.3,96.9,B
818,100,89.6,A
819,88.4,79.7,A
820,100,95.2,A
821,75.3,100,B
822,100,99.4,A
823,100,70.4,A
824,75.1,48,B
825,75.5,98.5,B
826,100,100,A
827,100,85.4,A
828,62.2,84.5,C
829,71.6,83.8,B
830,97.3,70.4,A
831,60.5,97.7,C
832,65.2,100,C
833,71.7,69.1,B
834,77.6,100,B
835,100,92,A
836,100,100,A
837,100,63,A
838,100,57.2,A
839,100,64.7,A
840,77.3,99.3,B
841,68.3,100,C
842,90.1,100,A
843,64.4,91.8,C
844,92.2,72.9,A
845,70.5,89.9,B
846,100,51.6,A
847,80.5,100,B
848,100,77,A
849,80,90.8,B
850,76.3,100,B
851,86.8,89.6,A
852,90.2,70.8,A
853,71.2,81.1,B
854,94.4,85.6,A
855,100,99.9,A
856,89.9,83.6,A
857,62,75.4,C
858,77,100,B
859,88.8,53.1,A
860,100,76.1,A
861,90.8,75,A
862,55.3,74.9,C
863,100,62.7,A
864,100,39.2,A
865,65.7,80.3,C
866,86.3,66.2,A
867,87.1,100,A
868,96,72.1,A
869,100,100,A
870,100,100,A
871,90.2,98.1,A
872,95.8,90.4,A
873,58.9,52.5,C
874,61.4,100,C
875,65,100,C
876,100,53.1,A
877,58.1,66.2,C
878,99.1,88.1,A
879,96.2,77.8,A
880,100,77.1,A
881,100,77.4,A
882,63.2,100,C
883,65.5,100,C
884,100,99.8,A
885,90.1,100,A
886,100,100,A
887,85,70.5,A
888,100,66.5,A
889,88.6,82.2,A
890,90.3,100,A
891,100,88.6,A
892,100,67.5,A
893,100,63.4,A
894,100,89.2,A
895,92.6,90.3,A
896,94.2,100,A
897,70.1,50.4,B
898,90.2,93.8,A
899,100,100,A
900,76.5,100,B
901,100,77.1,A
902,73.3,100,B
903,86.1,85.9,A
904,100,91.8,A
905,77.9,92.4,B
906,97.9,100,A
907,79.2,45.8,B
908,100,100,A
909,82.8,100,B
910,100,77.7,A
911,90.3,100,A
912,100,68,A
913,89.6,82.8,A
914,100,100,A
915,89.4,65.7,A
916,100,83,A
917,96.3,74.4,A
918,79.3,95.1,B
919,85.6,81.9,A
920,80.4,84.4,B
921,100,74.9,A
922,66.2,51.9,C
923,87.9,79.9,A
924,69.3,100,C
925,98.9,94,A
926,65.2,63.1,C
927,77.1,100,B
928,88.5,100,A
929,100,100,A
930,85.1,84.9,A
931,86.6,100,A
932,100,82.9,A
933,54.9,100,D
934,51.7,100,D
935,91.9,68.7,A
936,72.2,100,B
937,59.6,100,C
938,100,99.1,A
939,97.6,77.8,A
940,92.1,63.7,A
941,53.3,91.1,D
942,100,63.3,A
943,100,93.2,A
944,80,85.9,B
945,100,100,A
946,73.3,94.3,B
947,64.4,60.9,C
948,71.1,96.7,B
949,90.8,80.5,A
950,77.4,98,B
951,87.1,53.7,A
952,88.1,87.5,A
953,62.4,59.2,C
954,100,77,A
955,87.6,77.8,A
956,100,51.1,A
957,98.9,100,A
958,99.1,97.3,A
959,88.2,79.3,A
960,94.7,100,A
961,100,72.5,A
962,100,100,A
963,80.7,100,B
964,100,87.1,A
965,95.9,100,A
966,100,91.3,A
967,44.7,77.6,D
968,100,76.1,A
969,91.3,82.9,A
970,59.9,79.2,C
971,100,100,A
972,82.3,94.5,B
973,85.5,85.6,A
974,67.9,89,C
975,62.4,70.7,C
976,60.3,69.8,C
977,74.4,63.5,B
978,35.8,100,F
979,58.1,42.1,C
980,95.8,100,A
981,98.3,94.5,A
982,100,76.1,A
983,63.8,38.5,C
984,95.2,89.7,A
985,92.5,78.4,A
986,68.2,75,C
987,100,67.9,A
988,100,100,A
989,91.6,100,A
990,81.7,75.5,B
991,98.9,67.5,A
992,61.8,90.9,C
993,81.7,71.1,B
994,76.8,94.9,B
995,66.2,88.7,C
996,78.1,90.2,B
997,100,100,A
998,91.7,100,A
999,80.7,90.9,B
1000,77.2,67.7,B
1001,100,87.1,A
1002,96.3,85.5,A
1003,90.3,76.7,A
1004,77.5,77.3,B
1005,100,92.4,A
1006,95.1,86.5,A
1007,100,46.8,A
1008,97.6,100,A
1009,100,89.3,A
1010,84.2,100,B
1011,100,75.7,A
1012,94.5,100,A
1013,100,57.4,A
1014,71.7,100,B
1015,100,57.9,A
1016,100,96.8,A
1017,66.1,81.9,C
1018,64.1,82.7,C
1019,71.2,83.7,B
1020,100,100,A
1021,84.7,49.8,B
1022,96.1,96.3,A
1023,86.1,30.2,A
1024,100,84.2,A
1025,100,100,A
1026,96.4,60.8,A
1027,100,58.5,A
1028,100,100,A
1029,98.3,100,A
1030,63.5,65,C
1031,74.7,68.9,B
1032,61.4,100,C
1033,93.1,90.5,A
1034,100,78.2,A
1035,81.2,65.4,B
1036,100,100,A
1037,74.2,100,B
1038,65.2,100,C
1039,71.2,70.7,B
1040,100,73.4,A
1041,100,100,A
1042,79.4,91.8,B
1043,100,100,A
1044,100,100,A
1045,87.7,88.6,A
1046,100,100,A
1047,100,94.8,A
1048,54.5,100,D
1049,100,98.4,A
1050,100,60.4,A
1051,77.3,94.1,B
1052,96.8,95.1,A
1053,98.7,57.7,A
1054,91.5,100,A
1055,85.2,100,A
1056,70.7,49.1,B
1057,65.2,79.2,C
1058,100,97.1,A
1059,100,94.4,A
1060,80.2,93.4,B
1061,90,67.5,A
1062,58.7,93.9,C
1063,100,89.9,A
1064,50.2,33.6,D
1065,95.7,100,A
1066,75.7,100,B
1067,68.9,90.2,C
1068,100,88.7,A
1069,74.5,100,B
1070,76.8,98.3,B
1071,93.2,89.2,A
1072,90.7,94.7,A
1073,85.1,92.4,A
1074,71.5,98.1,B
1075,91.5,98.5,A
1076,81,69.9,B
1077,53.6,88.8,D
1078,79.1,64.5,B
1079,100,92.1,A
1080,99.2,59.5,A
1081,90.5,64.9,A
1082,74.6,100,B
1083,78.1,100,B
1084,100,100,A
1085,93,66.3,A
1086,96.6,80.8,A
1087,100,62.5,A
1088,93.1,90.1,A
1089,89.9,64.4,A
1090,65.8,100,C
1091,99.4,100,A
1092,99.4,100,A
1093,86.3,100,A
1094,86.1,100,A
1095,93.9,79.5,A
1096,82.3,100,B
1097,86.4,100,A
1098,50.4,66.1,D
1099,100,92.6,A
1100,100,90.9,A
1101,100,78.9,A
1102,60.7,69.5,C
1103,100,76.3,A
1104,78.9,100,B
1105,100,91.4,A
1106,73.3,100,B
1107,83.2,74.4,B
1108,71.2,68.1,B
1109,88.7,100,A
1110,100,66.2,A
1111,91.6,84.1,A
1112,97.3,91.6,A
1113,100,88.5,A
1114,100,74.5,A
1115,98.2,80.7,A
1116,77.7,97,B
1117,100,99.4,A
1118,84.5,58.8,B
1119,88.4,100,A
1120,100,100,A
1121,100,100,A
1122,100,50.4,A
1123,95.5,96.3,A
1124,58.2,48.6,C
1125,98,91.7,A
1126,78.1,100,B
1127,100,69.5,A
1128,89.7,70.6,A
1129,98,100,A
1130,100,61.9,A
1131,93.7,94.7,A
1132,100,88,A
1133,100,64,A
1134,62.8,67.7,C
1135,100,100,A
1136,100,96.6,A
1137,100,100,A
1138,60.3,77.2,C
1139,100,100,A
1140,100,72.4,A
1141,79.3,98.4,B
1142,100,91,A
1143,66.3,95.1,C
1144,88.4,64.3,A
1145,76.2,80.4,B
1146,92.3,68.7,A
1147,73.9,71.6,B
1148,49.4,90.4,D
1149,100,81,A
1150,70,100,B
1151,66.4,70.4,C
1152,53.6,83.8,D
1153,76.2,100,B
1154,62.4,91.1,C
1155,100,68.2,A
1156,100,90.1,A
1157,82.1,91,B
1158,100,76.3,A
1159,95,79.4,A
1160,68.2,89.2,C
1161,49.9,100,D
1162,100,85.4,A
1163,68.6,71,C
1164,43.9,100,D
1165,100,94,A
1166,100,100,A
1167,100,69.6,A
1168,95.4,95.8,A
1169,100,100,A
1170,96.9,83.1,A
1171,82.4,82,B
1172,89.8,100,A
1173,83.8,95,B
1174,69.9,72.7,C
1175,82.4,96.5,B
1176,79.3,91.5,B
1177,69.3,80.9,C
1178,98.7,100,A
1179,81.5,85.4,B
1180,56.9,100,C
1181,90.4,97.9,A
1182,100,71.5,A
1183,100,72.8,A
1184,64.1,90.3,C
1185,92.4,100,A
1186,100,75.8,A
1187,72.4,59.1,B
1188,86.6,100,A
1189,100,83.2,A
1190,62.4,100,C
1191,89.9,89.3,A
1192,72.8,100,B
1193,82.4,92.6,B
1194,100,96.4,A
1195,47.6,100,D
1196,100,100,A
1197,75,88.7,B
1198,91.3,73.5,A
1199,99.5,90.2,A
1200,100,100,A
1201,89.8,67.2,A
1202,69.1,90.9,C
1203,98.7,98.1,A
1204,99.9,64.4,A
1205,87.3,48.4,A
1206,100,81.6,A
1207,88.5,92.2,A
1208,85.1,82.2,A
1209,64.1,100,C
1210,100,91.1,A
1211,52.7,88.3,D
1212,81.4,70.2,B
1213,69.5,70.7,C
1214,100,73,A
1215,73.7,60.1,B
1216,97.6,100,A
1217,86.5,84.6,A
1218,87.5,100,A
1219,82.7,100,B
1220,100,71.9,A
1221,62.5,85.4,C
1222,94.1,99.3,A
1223,100,100,A
1224,82.7,63.4,B
1225,78.3,47.3,B
1226,75.7,69.9,B
1227,99.9,95.2,A
1228,83.5,95.7,B
1229,100,100,A
1230,100,83.6,A
1231,76.7,49.1,B
1232,48.5,100,D
1233,78.9,74.4,B
1234,100,71.4,A
1235,83,93.3,B
1236,98.8,100,A
1237,100,100,A
1238,66.1,78.2,C
1239,100,100,A
1240,100,84.5,A
1241,82.3,61.3,B
1242,87.4,55.4,A
1243,71.1,93.2,B
1244,67,100,C
1245,73.1,99.9,B
1246,68.1,55.1,C
1247,86.5,88.7,A
1248,79.1,36.4,B
1249,79.2,76.6,B
1250,50.5,100,D
1251,100,53.2,A
1252,100,78.4,A
1253,60.3,94.8,C
1254,99.5,100,A
1255,96.5,77.8,A
1256,54.7,62.8,D
1257,100,46.1,A
1258,77.7,86.6,B
1259,75,100,B
1260,75.5,94.5,B
1261,91.5,71.7,A
1262,97.3,100,A
1263,93.9,87.8,A
1264,64.3,67.3,C
1265,72,100,B
1266,65.5,93.1,C
1267,78.4,69.1,B
1268,65.2,73.6,C
1269,71.3,90,B
1270,100,100,A
1271,100,73.6,A
1272,91.9,100,A
1273,79.2,83.3,B
1274,82.1,76.4,B
1275,100,61.4,A
1276,98.5,46.1,A
1277,100,98.2,A
1278,93,74.8,A
1279,81.2,64,B
1280,71.3,47.8,B
1281,79,83.9,B
1282,91.8,91.4,A
1283,95.8,88.1,A
1284,100,78.5,A
1285,77,80.8,B
1286,68.5,100,C
1287,58.7,81.3,C
1288,95.5,89.9,A
1289,66.1,81.9,C
1290,51.7,92.5,D
1291,94.8,100,A
1292,100,100,A
1293,81.2,70.6,B
1294,100,92.8,A
1295,97.4,91.6,A
1296,72.3,94.2,B
1297,98.7,96.9,A
1298,75.1,63.8,B
1299,87.3,85.5,A
1300,88.1,77,A
1301,68.9,79.9,C
1302,100,80.1,A
1303,74.1,67.7,B
1304,80.1,82.8,B
1305,85.7,87.5,A
1306,65.8,67.9,C
1307,84.8,75.2,B
1308,93,93.4,A
1309,100,58.7,A
1310,95.3,100,A
1311,93.3,100,A
1312,91.6,77.8,A
1313,100,86.4,A
1314,100,61.1,A
1315,83.4,77.6,B
1316,59.8,58.4,C
1317,76.7,70.5,B
1318,86,82.4,A
1319,69.5,83.4,C
1320,98.7,94.3,A
1321,89.6,57,A
1322,95.3,98.4,A
1323,81.8,84.3,B
1324,100,81.5,A
1325,86.5,90,A
1326,40.6,88.4,D
1327,68,100,C
1328,88,67.4,A
1329,77.6,83.1,B
1330,100,100,A
1331,100,95.7,A
1332,100,75.6,A
1333,97.1,69.2,A
1334,100,100,A
1335,83.9,76.9,B
1336,95.1,72.2,A
1337,82.3,79.1,B
1338,91,100,A
1339,70.1,95.4,B
1340,94.2,64.1,A
1341,97.5,76.6,A
1342,88.7,83.3,A
1343,100,80.3,A
1344,100,100,A
1345,100,45.6,A
1346,55.4,100,C
1347,43.6,96.2,D
1348,87.5,100,A
1349,57.2,66.2,C
1350,94.3,92.1,A
1351,62.2,61.7,C
1352,47.4,60.6,D
1353,100,94.4,A
1354,80.3,97.5,B
1355,72.9,100,B
1356,60.7,92.9,C
1357,88.6,84.3,A
1358,82.9,57.5,B
1359,61.4,93.2,C
1360,80.3,68.6,B
1361,74.3,96.3,B
1362,98.8,64,A
1363,80.6,91.6,B
1364,40.1,72.4,D
1365,100,66.1,A
1366,100,79.3,A
1367,78.5,76.5,B
1368,63.9,87.5,C
1369,89.9,100,A
1370,64.2,92.9,C
1371,81.9,93.4,B
1372,100,69.3,A
1373,65.2,93.8,C
1374,54.6,74.3,D
1375,100,66.3,A
1376,66.2,77.9,C
1377,85.9,100,A
1378,95.6,99.2,A
1379,76.8,86.9,B
1380,100,72.6,A
1381,94.4,74.2,A
1382,98.7,87.9,A
1383,100,100,A
1384,61.6,31,C
1385,100,81.8,A
1386,94.1,82.8,A
1387,100,85.3,A
1388,100,50.6,A
1389,82.9,82.7,B
1390,63.3,79.7,C
1391,93,100,A
1392,68.4,100,C
1393,100,100,A
1394,100,76.7,A
1395,63.5,71.5,C
1396,91.8,95.8,A
1397,53.1,100,D
1398,53.4,92.6,D
1399,95.6,100,A
1400,80.9,84.5,B
1401,56.7,100,C
1402,87.5,65.4,A
1403,100,100,A
1404,100,100,A
1405,100,79.3,A
1406,52.9,100,D
1407,67.4,87.7,C
1408,100,99,A
1409,76.7,45.8,B
1410,60.9,100,C
1411,100,85.9,A
1412,99.5,62.3,A
1413,100,75.8,A
1414,100,100,A
1415,76.2,72.4,B
1416,100,49.8,A
1417,89.4,81.5,A
1418,90.4,94,A
1419,100,100,A
1420,91.9,100,A
1421,100,90.4,A
1422,100,100,A
1423,74.9,93.7,B
1424,46.7,81.5,D
1425,66,60.8,C
1426,50.3,80.7,D
1427,100,69.8,A
1428,55.8,100,C
1429,84.8,91.4,B
1430,88.4,81.1,A
1431,96.4,91.5,A
1432,100,100,A
1433,94.8,100,A
1434,77.5,100,B
1435,79.2,92.5,B
1436,93.1,88.2,A
1437,100,87.6,A
1438,100,100,A
1439,70.5,61.2,B
1440,95.8,100,A
1441,97,63.2,A
1442,100,100,A
1443,88.2,96.8,A
1444,80.6,95.6,B
1445,93,63.7,A
1446,50.3,81,D
1447,84.8,100,B
1448,100,97.3,A
1449,92.5,98.6,A
1450,86.2,81.3,A
1451,84.5,52.8,B
1452,93.9,88,A
1453,88.9,46.8,A
1454,100,100,A
1455,100,100,A
1456,44.8,83.2,D
1457,100,93,A
1458,92.2,85.9,A
1459,100,75,A
1460,100,100,A
1461,93.4,85.2,A
1462,66.5,78.6,C
1463,83.1,100,B
1464,66.8,94.9,C
1465,89.2,96.2,A
1466,94,80.3,A
1467,100,100,A
1468,90.5,82.9,A
1469,63.5,53.2,C
1470,93.4,100,A
1471,87.3,100,A
1472,89.9,88.9,A
1473,86.6,58,A
1474,88,100,A
1475,63.3,86.8,C
1476,98.9,78.7,A
1477,87,100,A
1478,78.6,92.2,B
1479,78.2,100,B
1480,84,98.4,B
1481,88.7,62.4,A
1482,92.6,100,A
1483,100,100,A
1484,79.3,100,B
1485,92.6,95,A
1486,100,88.4,A
1487,54.4,45.9,D
1488,56.1,100,C
1489,54.7,90.8,D
1490,100,100,A
1491,100,76.5,A
1492,100,44.9,A
1493,78.5,86.6,B
1494,75.6,64.1,B
1495,100,96.7,A
1496,100,32.6,A
1497,100,100,A
1498,100,48.8,A
1499,100,92,A
1500,95.2,100,A
1501,100,92.6,A
1502,80.1,67.8,B
1503,77.7,75.5,B
1504,98.3,81.3,A
1505,73.8,88.3,B
1506,50.6,59.9,D
1507,100,100,A
1508,100,50.7,A
1509,100,84.1,A
1510,100,94.1,A
1511,58.1,100,C
1512,75.6,79.1,B
1513,67.7,54.8,C
1514,70.1,76,B
1515,98.3,90.9,A
1516,85.3,98,A
1517,93.4,67.4,A
1518,92.2,87.1,A
1519,77.8,100,B
1520,100,77,A
1521,100,84.9,A
1522,98.6,100,A
1523,96.9,58.4,A
1524,75.4,39.7,B
1525,81.8,100,B
1526,100,83.4,A
1527,100,62.7,A
1528,100,100,A
1529,76.9,74.6,B
1530,62.9,100,C
1531,94,100,A
1532,49.2,100,D
1533,89.7,64.1,A
1534,91.8,73.3,A
1535,89.8,67.6,A
1536,55.6,73.3,C
1537,98.7,100,A
1538,79.7,100,B
1539,55.9,71.3,C
1540,34.7,84.4,F
1541,100,62.6,A
1542,100,95.1,A
1543,100,100,A
1544,91.8,46.8,A
1545,89.2,80,A
1546,97.3,100,A
1547,68.9,75,C
1548,90.9,100,A
1549,96.1,100,A
1550,100,85.3,A
1551,79,99.1,B
1552,87.7,70.7,A
1553,64.1,79.4,C
1554,74.7,92.1,B
1555,95.3,83.4,A
1556,93.4,87.1,A
1557,100,85.7,A
1558,77.8,100,B
1559,100,100,A
1560,92.5,100,A
1561,72.3,82.2,B
1562,65,94.4,C
1563,46.6,100,D
1564,100,67.9,A
1565,99.2,82.1,A
1566,70.4,81.2,B
1567,89.6,63.7,A
1568,93,100,A
1569,63.4,100,C
1570,93.2,78.6,A
1571,95.4,100,A
1572,78.6,89.2,B
1573,88.8,73.1,A
1574,63.2,71,C
1575,88.9,91.1,A
1576,95.4,89.2,A
1577,48.8,87.6,D
1578,90.8,80.1,A
1579,76.3,48.3,B
1580,77.2,98.9,B
1581,94.9,82.3,A
1582,77.5,96.7,B
1583,78.6,63.1,B
1584,95.8,100,A
1585,100,61.9,A
1586,93.5,100,A
1587,84.5,86.4,B
1588,82.6,100,B
1589,71.5,98,B
1590,93.1,98.5,A
1591,80.2,88.4,B
1592,66,69.1,C
1593,100,100,A
1594,100,81.6,A
1595,57.5,82.5,C
1596,49,100,D
1597,87.5,84.5,A
1598,100,96,A
1599,100,79.5,A
1600,66.3,81.7,C
1601,63.6,72.7,C
1602,100,50.4,A
1603,79.8,81.6,B
1604,80.7,100,B
1605,79.8,93.5,B
1606,50.1,88,D
1607,78.4,94.3,B
1608,100,79.7,A
1609,96.1,100,A
1610,74,83.1,B
1611,84.9,95,B
1612,75.9,100,B
1613,100,100,A
1614,98.6,100,A
1615,70.2,48.6,B
1616,100,100,A
1617,92.4,82.4,A
1618,87.9,84.8,A
1619,64.3,44.7,C
1620,100,83.5,A
1621,98.7,82.4,A
1622,80.3,84.5,B
1623,100,79.4,A
1624,82.4,100,B
1625,100,95.9,A
1626,87.9,83.4,A
1627,78,60.3,B
1628,100,68.4,A
1629,84.2,100,B
1630,93.6,59,A
1631,95.8,100,A
1632,87,84.5,A
1633,63.9,87.5,C
1634,93.1,100,A
1635,89.8,100,A
1636,96.2,83.3,A
1637,62.8,78.7,C
1638,95.4,90.5,A
1639,100,92.1,A
1640,74.1,100,B
1641,100,94.4,A
1642,100,100,A
1643,81.9,100,B
1644,100,83,A
1645,78.2,87.3,B
1646,73.4,70.7,B
1647,78,32.1,B
1648,100,99.7,A
1649,100,81.8,A
1650,100,78.6,A
1651,100,100,A
1652,100,89.7,A
1653,85.8,84.5,A
1654,98.1,98.7,A
1655,96.9,84.5,A
1656,84.3,100,B
1657,100,90.8,A
1658,99.8,100,A
1659,69.8,77.7,C
1660,100,75.4,A
1661,100,89.6,A
1662,82.6,95.4,B
1663,62.6,97.5,C
1664,85.9,88.6,A
1665,100,57.7,A
1666,85.6,82.1,A
1667,82.8,100,B
1668,53.6,84,D
1669,100,75.5,A
1670,89.9,100,A
1671,98.3,78.3,A
1672,83.9,55.8,B
1673,71.7,85.5,B
1674,61.4,75.1,C
1675,100,83.2,A
1676,95.8,83,A
1677,100,95.1,A
1678,100,81.4,A
1679,100,98.8,A
1680,85.4,100,A
1681,99.5,99.6,A
1682,100,77.4,A
1683,50.4,84.3,D
1684,95.4,71.1,A
1685,73.6,78,B
1686,100,82.7,A
1687,85.8,83.8,A
1688,85.3,100,A
1689,97.8,71.7,A
1690,77.4,74.8,B
1691,81.3,79.9,B
1692,72.3,81.6,B
1693,83.8,76.7,B
1694,74.8,95.4,B
1695,100,58.5,A
1696,100,42.8,A
1697,60.5,78.7,C
1698,78.6,100,B
1699,98.8,53.1,A
1700,100,51.2,A
1701,100,100,A
1702,100,86.3,A
1703,100,60,A
1704,96.8,69,A
1705,95.4,69.8,A
1706,75.8,94.2,B
1707,100,76.3,A
1708,100,100,A
1709,76.3,41.4,B
1710,63.1,82,C
1711,100,52.5,A
1712,79.8,78.2,B
1713,53.8,79.7,D
1714,100,100,A
1715,85.2,53.7,A
1716,87,91.9,A
1717,91,83.2,A
1718,89.7,100,A
1719,99.4,73.4,A
1720,87.3,83,A
1721,97.1,49.2,A
1722,87.7,47.9,A
1723,100,99.1,A
1724,100,83.9,A
1725,86.8,78.8,A
1726,98.3,68.5,A
1727,91,92.6,A
1728,99.9,100,A
1729,92.6,92.5,A
1730,100,80.2,A
1731,87.7,76.1,A
1732,82.4,65.6,B
1733,92.5,100,A
1734,90.2,69.7,A
1735,96.1,95.7,A
1736,57.1,54.7,C
1737,65.2,80.7,C
1738,74.1,100,B
1739,100,70.1,A
1740,100,100,A
1741,94.7,81.1,A
1742,68.8,45.9,C
1743,83.1,93.1,B
1744,96.1,100,A
1745,63,100,C
1746,91.6,100,A
1747,100,65.9,A
1748,87,92.7,A
1749,91.5,100,A
1750,99.2,100,A
1751,60.7,71.4,C
1752,100,100,A
1753,87.8,88,A
1754,52.6,94.6,D
1755,81.3,57.6,B
1756,100,100,A
1757,100,100,A
1758,97.4,85.3,A
1759,100,100,A
1760,100,100,A
1761,100,69.7,A
1762,100,100,A
1763,97.8,96.7,A
1764,49.3,100,D
1765,93.1,78.1,A
1766,44.6,97.4,D
1767,100,89.2,A
1768,96.9,95.3,A
1769,100,53.7,A
1770,100,77,A
1771,89,100,A
1772,100,82.9,A
1773,73.5,85.8,B
1774,76.9,62.4,B
1775,65.5,67,C
1776,58.8,77.1,C
1777,80.2,84.6,B
1778,84.3,58.4,B
1779,64.5,70.3,C
1780,66.3,95.9,C
1781,56,100,C
1782,79.5,100,B
1783,40.7,61.5,D
1784,73.2,100,B
1785,83.1,100,B
1786,63,80.6,C
1787,82.9,89.9,B
1788,76.4,77.5,B
1789,98.8,99,A
1790,100,100,A
1791,65.2,100,C
1792,71,100,B
1793,92.8,75.6,A
1794,100,65,A
1795,97.8,80.8,A
1796,53.1,100,D
1797,83.7,60.6,B
1798,79.4,68.7,B
1799,94.7,99.8,A
1800,90.5,76.8,A
1801,100,77.9,A
1802,88.4,76.4,A
1803,61.9,52.4,C
1804,61.3,71.6,C
1805,60.9,100,C
1806,57.8,65.8,C
1807,99.1,54.6,A
1808,93.9,78,A
1809,65.6,98.8,C
1810,95.5,82.4,A
1811,78.7,78.2,B
1812,100,100,A
1813,100,55.4,A
1814,100,100,A
1815,96.6,84.2,A
1816,76.9,65.3,B
1817,36.6,100,F
1818,87.1,84.3,A
1819,89.1,100,A
1820,77.6,97.8,B
1821,88.1,86.5,A
1822,86.5,88.8,A
1823,91.3,86.5,A
1824,74.6,100,B
1825,85.4,81.5,A
1826,100,81.7,A
1827,85.7,84.2,A
1828,100,83.7,A
1829,81.4,88.9,B
1830,86.3,100,A
1831,88.7,86,A
1832,88.8,82.8,A
1833,99.2,60,A
1834,100,98.9,A
1835,90.3,96,A
1836,100,100,A
1837,62.5,79.7,C
1838,100,71.9,A
1839,72.7,93.8,B
1840,77.2,62.7,B
1841,87.2,83.6,A
1842,55.9,100,C
1843,77.5,87.1,B
1844,96.1,100,A
1845,94.3,100,A
1846,71.7,76.6,B
1847,100,79.9,A
1848,74.1,98.1,B
1849,100,60.8,A
1850,100,72,A
1851,79,83.5,B
1852,100,54.2,A
1853,63,88.5,C
1854,100,99.2,A
1855,100,47.2,A
1856,73.4,100,B
1857,100,100,A
1858,99.1,76.9,A
1859,98.7,93.6,A
1860,98,91.5,A
1861,89.4,100,A
1862,100,87.7,A
1863,100,98.5,A
1864,71.7,93,B
1865,100,100,A
1866,79.5,77.2,B
1867,96.4,100,A
1868,100,70.3,A
1869,75,85.8,B
1870,100,47.8,A
1871,66.4,98.3,C
1872,73.8,65.6,B
1873,77,90.6,B
1874,100,68.2,A
1875,100,83.9,A
1876,100,100,A
1877,71.7,100,B
1878,78.5,60.6,B
1879,89.1,100,A
1880,71.6,78.1,B
1881,96.4,91.9,A
1882,100,84,A
1883,63.2,88.5,C
1884,57.2,75.7,C
1885,88,83.5,A
1886,90.5,81.3,A
1887,74.3,81.4,B
1888,86.1,84.3,A
1889,86.1,41.7,A
1890,88.6,99.6,A
1891,89,100,A
1892,100,81.6,A
1893,67.3,92.7,C
1894,79.2,79.9,B
1895,97.2,73.1,A
1896,82.9,100,B
1897,69.6,54.9,C
1898,100,80.9,A
1899,100,55.1,A
1900,81.9,100,B
1901,100,74.3,A
1902,95.5,100,A
1903,97.5,100,A
1904,77.8,83.4,B
1905,99,98.4,A
1906,87.4,99.5,A
1907,59.3,99.9,C
1908,86.8,76.3,A
1909,63.8,72.5,C
1910,100,96.1,A
1911,100,100,A
1912,100,71.6,A
1913,100,91.8,A
1914,100,69.6,A
1915,42.2,61.1,D
1916,84.9,96.5,B
1917,66,84.2,C
1918,63.8,100,C
1919,76.1,59.9,B
1920,84.8,71.4,B
1921,62.5,53.1,C
1922,88.8,98.7,A
1923,88.8,80.6,A
1924,73.8,100,B
1925,100,99.6,A
1926,82.4,63.3,B
1927,59.2,73.3,C
1928,76.7,90.4,B
1929,99.5,76.5,A
1930,100,89.6,A
1931,69.9,80,C
1932,93.4,45.4,A
1933,60.1,40.3,C
1934,76.4,92.3,B
1935,100,81.3,A
1936,74.1,66.9,B
1937,100,87.7,A
1938,94.8,100,A
1939,100,79.2,A
1940,92.9,64.4,A
1941,100,93.4,A
1942,71,51.5,B
1943,98.6,85.5,A
1944,67.5,87.6,C
1945,84.3,100,B
1946,66.4,46,C
1947,92.2,74.6,A
1948,95.7,76.2,A
1949,100,85.5,A
1950,68.6,100,C
1951,54.9,100,D
1952,100,86.8,A
1953,62.9,90,C
1954,66.3,100,C
1955,73,90.5,B
1956,100,100,A
1957,54.9,71.5,D
1958,100,62.9,A
1959,100,59.5,A
1960,87.5,63.1,A
1961,75.6,87.7,B
1962,92.9,98.3,A
1963,76,100,B
1964,100,100,A
1965,87.2,96.7,A
1966,95.9,75,A
1967,80,77.3,B
1968,70,100,B
1969,93.3,92.4,A
1970,100,100,A
1971,100,74.8,A
1972,51.4,69.3,D
1973,94.5,100,A
1974,97.2,100,A
1975,81.7,99.8,B
1976,62.5,100,C
1977,100,96.1,A
1978,90,71.2,A
1979,67.5,93.5,C
1980,100,85.7,A
1981,45.7,100,D
1982,44.4,58.9,D
1983,71,92.2,B
1984,100,83,A
1985,100,86.5,A
1986,100,98.5,A
1987,100,51.6,A
1988,100,98.5,A
1989,71.4,78.8,B
1990,90.6,88.4,A
1991,99.1,88.7,A
1992,100,85.7,A
1993,100,78.7,A
1994,100,65.8,A
1995,100,88.2,A
1996,100,100,A
1997,75,100,B
1998,51.5,63.3,D
1999,85.6,99.6,A
2000,83.9,46.6,B
2001,59.8,67.4,C
2002,93.9,71.9,A
2003,64.3,75.3,C
2004,81.4,56.2,B
2005,51.2,97.1,D
2006,72.4,90.6,B
2007,76.2,100,B
2008,65.8,100,C
2009,99.1,83.4,A
2010,100,100,A
2011,45.1,91.3,D
2012,78.9,76.1,B
2013,62.5,100,C
2014,53.7,77.3,D
2015,85.9,59.6,A
2016,79.8,75.4,B
2017,81.4,65.5,B
2018,45.4,97.5,D
2019,100,97.5,A
2020,61.9,100,C
2021,84.1,77.5,B
2022,93.6,74.9,A
2023,100,100,A
2024,66.4,100,C
2025,52.5,100,D
2026,94,100,A
2027,100,100,A
2028,100,57.2,A
2029,98.1,92.7,A
2030,61.1,95,C
2031,100,79.6,A
2032,58,100,C
2033,98.9,100,A
2034,72.8,87.5,B
2035,91.3,75.1,A
2036,100,96.2,A
2037,90.1,78.8,A
2038,74.4,79.4,B
2039,91.2,68.5,A
2040,67.3,74,C
2041,67.3,100,C
2042,67,70.5,C
2043,75.6,100,B
2044,74.5,69.5,B
2045,79.9,81.6,B
2046,100,92.2,A
2047,94.1,100,A
2048,85,95.6,A
2049,79.1,91.3,B
2050,94.7,85.3,A
2051,100,78.6,A
2052,73.4,100,B
2053,82.2,100,B
2054,76.2,100,B
2055,64.1,81.2,C
2056,63.3,82.3,C
2057,81.5,81.8,B
2058,83.2,68.8,B
2059,83.6,95.3,B
2060,95.6,70,A
2061,100,98.6,A
2062,79.6,70.6,B
2063,89.1,100,A
2064,93.4,59.9,A
2065,92.5,96.2,A
2066,77.1,100,B
2067,50.2,89.3,D
2068,82.5,100,B
2069,100,62.1,A
2070,98.9,100,A
2071,100,100,A
2072,100,94.5,A
2073,73.9,78.1,B
2074,95.4,100,A
2075,75.7,84.2,B
2076,87,79,A
2077,100,75.2,A
2078,100,67.3,A
2079,97.5,100,A
2080,69.6,71.8,C
2081,100,85.8,A
2082,100,95.3,A
2083,87.6,58.7,A
2084,51.2,89.1,D
2085,65.3,97,C
2086,69.2,64.2,C
2087,63.1,100,C
2088,71.5,100,B
2089,77.2,91.4,B
2090,87.9,78,A
2091,95.7,62.2,A
2092,100,77.2,A
2093,100,80.7,A
2094,78.4,86.1,B
2095,96.5,38.4,A
2096,86,85,A
2097,100,61.6,A
2098,60.6,66.3,C
2099,64.5,94.5,C
2100,99.1,97.7,A
2101,100,100,A
2102,64.3,73.9,C
2103,63.4,100,C
2104,100,100,A
2105,76.9,100,B
2106,100,56.6,A
2107,85.1,76.6,A
2108,100,87.7,A
2109,79.5,100,B
2110,83,100,B
2111,89.6,89,A
2112,84.3,100,B
2113,93.6,59.3,A
2114,76.9,99.6,B
2115,100,88.3,A
2116,100,88.6,A
2117,87.6,81.4,A
2118,76.7,96.5,B
2119,14.6,46.9,F
2120,91.3,81.6,A
2121,100,78.3,A
2122,100,100,A
2123,65.2,100,C
2124,80.3,68.3,B
2125,88.3,100,A
2126,100,96,A
2127,73.3,100,B
2128,100,66.9,A
2129,100,66.4,A
2130,92.6,100,A
2131,100,94.9,A
2132,98.2,55.4,A
2133,95.8,75.3,A
2134,98.9,99,A
2135,89.6,82.1,A
2136,83.4,86.5,B
2137,95.4,47.7,A
2138,100,78.5,A
2139,69.2,55.4,C
2140,68.1,38.6,C
2141,92.6,50.1,A
2142,82.7,90.2,B
2143,78.5,68.2,B
2144,79.5,96.2,B
2145,85,100,A
2146,100,100,A
2147,55.2,100,C
2148,77.3,39.9,B
2149,79.6,76.8,B
2150,46.1,77.5,D
2151,90.6,95.3,A
2152,100,91.6,A
2153,87.5,84.7,A
2154,90.3,97.4,A
2155,62.9,94,C
2156,74.4,100,B
2157,87.9,100,A
2158,83.4,73.3,B
2159,100,56.4,A
2160,100,97.1,A
2161,59,85.6,C
2162,100,100,A
2163,92.5,83.1,A
2164,93.8,82,A
2165,100,69,A
2166,75,100,B
2167,55.1,84.1,C
2168,85.7,84,A
2169,72.3,100,B
2170,93.3,81.1,A
2171,100,96.4,A
2172,75.9,100,B
2173,88.8,58.4,A
2174,99.1,93.7,A
2175,57.4,78.6,C
2176,100,86.5,A
2177,63,57,C
2178,93.2,91.9,A
2179,100,100,A
2180,88.9,100,A
2181,86.8,100,A
2182,84.8,73.1,B
2183,80.2,66,B
2184,100,100,A
2185,50.4,80.8,D
2186,100,60.4,A
2187,65.3,100,C
2188,96,75.7,A
2189,72.6,54.8,B
2190,94.7,53.4,A
2191,45.2,84.6,D
2192,92.4,85.3,A
2193,100,87.3,A
2194,61.9,100,C
2195,72.5,100,B
2196,62.7,77,C
2197,93.8,100,A
2198,77.2,100,B
2199,69.5,100,C
2200,100,97.2,A
2201,99.2,83.9,A
2202,91.2,67.3,A
2203,100,72.3,A
2204,71.9,94.6,B
2205,55.2,90.8,C
2206,100,98.8,A
2207,100,77.9,A
2208,81.8,100,B
2209,93.3,80.8,A
2210,85.1,100,A
2211,82.9,80.6,B
2212,100,61.3,A
2213,89.7,93.5,A
2214,82.2,100,B
2215,67,100,C
2216,92,81.9,A
2217,83.5,86.4,B
2218,91.4,100,A
2219,100,100,A
2220,77.4,100,B
2221,94.2,84.3,A
2222,76.7,100,B
2223,95.9,86.6,A
2224,74.7,65.4,B
2225,73.8,81.5,B
2226,97.7,87.3,A
2227,100,48.1,A
2228,91.1,99.5,A
2229,65.2,75.2,C
2230,99.5,100,A
2231,75.9,86.8,B
2232,94.6,94.1,A
2233,65.2,82.2,C
2234,99.5,78.5,A
2235,67.5,91.5,C
2236,100,100,A
2237,86.4,100,A
2238,73.9,92.9,B
2239,86.1,82.7,A
2240,95.4,76.3,A
2241,78.6,100,B
2242,100,78.5,A
2243,100,93,A
2244,64.8,91.6,C
2245,100,89.6,A
2246,89.1,100,A
2247,79.8,74.6,B
2248,42.3,89.3,D
2249,67.3,42.8,C
2250,100,78.9,A
2251,68.8,98.8,C
2252,99.4,95.3,A
2253,66.3,78.5,C
2254,85.6,79.1,A
2255,80.8,81.7,B
2256,100,80.4,A
2257,100,90,A
2258,76.6,65.5,B
2259,34.9,100,F
2260,77.9,76.4,B
2261,82.4,100,B
2262,82,62.5,B
2263,100,98,A
2264,55.3,94.5,C
2265,85.8,90,A
2266,100,53.8,A
2267,63.7,96.2,C
2268,88.3,54.8,A
2269,90.4,67.1,A
2270,89.8,100,A
2271,100,99.7,A
2272,90.1,78.5,A
2273,68.5,70.3,C
2274,87.4,85.1,A
2275,86.4,99.7,A
2276,56.5,45.4,C
2277,88.6,100,A
2278,87,75.1,A
2279,100,100,A
2280,100,68.3,A
2281,58.5,49.4,C
2282,72.3,86.2,B
2283,93.5,100,A
2284,83.9,73.3,B
2285,70.8,72.8,B
2286,100,100,A
2287,98.8,71.1,A
2288,100,96.3,A
2289,85.5,80.9,A
2290,100,60.3,A
2291,100,78.2,A
2292,100,79,A
2293,97.1,80.7,A
2294,89.1,80.1,A
2295,81.9,94.1,B
2296,93.9,87.6,A
2297,98.3,60.1,A
2298,100,97.8,A
2299,100,64.2,A
2300,35.2,35.8,F
2301,100,100,A
2302,77,100,B
2303,76.9,70.6,B
2304,86,70.3,A
2305,100,81,A
2306,100,70.2,A
2307,92.6,63.3,A
2308,74.3,57.6,B
2309,91.8,97,A
2310,96.7,100,A
2311,77.5,75.9,B
2312,100,97.7,A
2313,100,55,A
2314,100,98.8,A
2315,100,70.8,A
2316,99.7,91.4,A
2317,97.6,86,A
2318,80.1,100,B
2319,88.4,71.4,A
2320,66.3,91.6,C
2321,100,67.6,A
2322,100,80.3,A
2323,100,73.3,A
2324,97.2,79.3,A
2325,100,86.5,A
2326,100,88,A
2327,69.8,93.9,C
2328,73.9,80.9,B
2329,100,91.3,A
2330,100,100,A
2331,89.9,80.9,A
2332,89.8,100,A
2333,66.9,77.6,C
2334,90,92.9,A
2335,98.7,91,A
2336,94.9,54.7,A
2337,85.2,93.3,A
2338,90.5,77,A
2339,96.5,77,A
2340,84.3,100,B
2341,95.8,72.6,A
2342,85.4,81.6,A
2343,98.8,75,A
2344,91.8,100,A
2345,24.3,91.6,F
2346,100,99.8,A
2347,65.9,85.3,C
2348,69.6,48.4,C
2349,100,83.7,A
2350,85.8,62.6,A
2351,100,100,A
2352,98.9,49.9,A
2353,100,100,A
2354,83.6,98.5,B
2355,100,72,A
2356,81.7,100,B
2357,80.4,100,B
2358,100,98.8,A
2359,61.8,100,C
2360,100,84.9,A
2361,78.7,82.6,B
2362,66.4,72.2,C
2363,63.9,68.5,C
2364,100,79.3,A
2365,54.7,59.4,D
2366,100,93.4,A
2367,63.4,56,C
2368,53.2,78.3,D
2369,74.1,96.4,B
2370,100,84.9,A
2371,91.2,77.3,A
2372,77.5,100,B
2373,89.1,100,A
2374,100,86.4,A
2375,100,91.4,A
2376,100,71.9,A
2377,97.1,66.5,A
2378,60.5,66.5,C
2379,82.6,85.1,B
2380,93.4,77.2,A
2381,73.6,100,B
2382,80.8,99.1,B
2383,74.2,100,B
2384,77.9,84.3,B
2385,98.8,98.3,A
2386,80.2,99.8,B
2387,80.4,81.5,B
2388,87.6,94,A
2389,100,100,A
2390,91.7,100,A
2391,46.2,97,D
2392,83.6,63.5,B
2393,54.9,64.3,D
2394,67.6,77.2,C
2395,86.6,60,A
2396,44,64.9,D
2397,71.4,79.9,B
2398,87.5,65.8,A
2399,100,93.1,A
2400,97.6,100,A
2401,75.4,91.8,B
2402,84.1,84,B
2403,83.3,74.1,B
2404,92.9,62.4,A
2405,100,78.5,A
2406,100,90.8,A
2407,63.3,88.5,C
2408,96.1,85.3,A
2409,94.3,46.6,A
2410,73.8,87.8,B
2411,96.9,75.5,A
2412,100,87.9,A
2413,57.7,100,C
2414,70.3,85.4,B
2415,100,94.2,A
2416,86.7,60.9,A
2417,96.8,100,A
2418,100,100,A
2419,100,85.3,A
2420,72.2,100,B
2421,99.8,100,A
2422,100,99.5,A
2423,87.2,77.5,A
2424,84.7,100,B
2425,56.1,100,C
2426,96.9,95.3,A
2427,100,87.4,A
2428,87.8,67.6,A
2429,100,88.7,A
2430,79.5,77.8,B
2431,99.5,100,A
2432,79.6,100,B
2433,94.9,41.5,A
2434,73.8,100,B
2435,88.1,100,A
2436,67.6,90,C
2437,100,100,A
2438,100,83.9,A
2439,84.7,100,B
2440,67.7,96.6,C
2441,100,55.6,A
2442,99.6,100,A
2443,53.9,91.4,D
2444,98.4,85.7,A
2445,81.2,72.4,B
2446,99.7,100,A
2447,100,100,A
2448,89.9,78.3,A
2449,87,64.2,A
2450,73.1,88.5,B
2451,61.1,91.9,C
2452,69.2,100,C
2453,83.2,100,B
2454,68.4,94.5,C
2455,100,100,A
2456,100,96,A
2457,62.6,69.9,C
2458,67.9,93.9,C
2459,97.5,100,A
2460,90.6,88.6,A
2461,72,100,B
2462,100,82.4,A
2463,100,81.5,A
2464,77.2,63.2,B
2465,100,100,A
2466,100,66,A
2467,73.5,73.1,B
2468,85,67.5,A
2469,75.2,100,B
2470,64,83.3,C
2471,100,90.2,A
2472,100,100,A
2473,81.5,71.1,B
2474,60.9,60.4,C
2475,76.5,48.5,B
2476,87.3,51.5,A
2477,74,80.4,B
2478,100,100,A
2479,74.9,95.2,B
2480,96.9,96.7,A
2481,88.5,70.5,A
2482,100,64.8,A
2483,100,100,A
2484,82,100,B
2485,81.2,92.4,B
2486,100,96.1,A
2487,95,100,A
2488,87.5,95.6,A
2489,95,97.1,A
2490,61.9,94.9,C
2491,78.3,100,B
2492,73.3,36.6,B
2493,94.1,89.6,A
2494,100,100,A
2495,72.9,100,B
2496,100,84.2,A
2497,97.9,92.8,A
2498,85.8,100,A
2499,100,100,A
2500,98,88,A
